mode,ligand,run_tag,run_idx,k_dist,k_mono,edge_cutoff,lagrange_multiplier,bqm_offset,n_samples,unique_samples,unique_sample_ratio,avg_selected_vars,energy_min,energy_avg,n_poses,mRMSD,avg_RMSD,success_rate,validity_rate,strict_success_rate,t_run_sec,tts_99_success_sec,tts_99_strict_sec,eval_elapsed_sec,sampler,solver,time_limit_sec,label,problem_id,problem_label,problem_data_id,qpu_access_sec,qpu_sampling_sec,run_time_sec,charge_time_sec,bqm_num_variables,bqm_num_interactions,spec_counts,embedding_path,embedding_hash,physical_qubits,max_chain_length,cqm_root,sample_root,eval_root,spec_path,samples_path,meta_path,report_csv,result_json
opt,3nq9,cqm_opt_bqm_lm1_r1_20260126_001043,1,1.5,18.0,1.87,1.0,0.0,1,1,1.0,8,-4.0,-4.0,1,5.3709,5.3709,0.0,1.0,0.0,1.84895,,,0.097,DWaveHybridSamplerAdapter,,30,QDock FAM CQM-to-BQM hybrid,9675e157-3a1e-4c6d-90cf-2a9db4f6b19e,QDock FAM CQM-to-BQM hybrid,d17e8e41-2859-4634-91cc-5ce0726d5345,1.84895,,29.988368,29.988368,130,5154,"{'num_vars': 130, 'mono_constraints': 0, 'dist_constraints': 0, 'constraint_limit_hit': False}",,,,,./benchmarks/cqm_opt/workdir_fam_cqm,./benchmarks/cqm_opt_bqm_from_cqm/workdir_fam_bqm_from_cqm,./benchmarks/cqm_opt_bqm_from_cqm_eval,./benchmarks/cqm_opt/workdir_fam_cqm/3nq9/CQM/3nq9_ligand_cqm_spec.json,./benchmarks/cqm_opt_bqm_from_cqm/workdir_fam_bqm_from_cqm/3nq9/cqm_opt_bqm_lm1_r1_20260126_001043/BQM/3nq9_ligand_samples.json,./benchmarks/cqm_opt_bqm_from_cqm/workdir_fam_bqm_from_cqm/3nq9/cqm_opt_bqm_lm1_r1_20260126_001043/BQM/3nq9_ligand_sampler_meta.json,./benchmarks/cqm_opt_bqm_from_cqm_eval/3nq9/cqm_opt_bqm_lm1_r1_20260126_001043/3nq9_ligand_report.csv,./benchmarks/cqm_opt_bqm_from_cqm_eval/3nq9/cqm_opt_bqm_lm1_r1_20260126_001043/result.json
opt,3nq9,cqm_opt_bqm_lm1_r2_20260126_001200,2,1.5,18.0,1.87,1.0,0.0,1,1,1.0,8,-4.0,-4.0,1,5.5935,5.5935,0.0,1.0,0.0,1.902093,,,0.092,DWaveHybridSamplerAdapter,,30,QDock FAM CQM-to-BQM hybrid,8e99b7e4-a420-450b-b76a-3468a4ed9679,QDock FAM CQM-to-BQM hybrid,ce1d5a62-526c-49df-9ca0-37f43a35a3c7,1.902093,,29.986937,29.986937,130,5154,"{'num_vars': 130, 'mono_constraints': 0, 'dist_constraints': 0, 'constraint_limit_hit': False}",,,,,./benchmarks/cqm_opt/workdir_fam_cqm,./benchmarks/cqm_opt_bqm_from_cqm/workdir_fam_bqm_from_cqm,./benchmarks/cqm_opt_bqm_from_cqm_eval,./benchmarks/cqm_opt/workdir_fam_cqm/3nq9/CQM/3nq9_ligand_cqm_spec.json,./benchmarks/cqm_opt_bqm_from_cqm/workdir_fam_bqm_from_cqm/3nq9/cqm_opt_bqm_lm1_r2_20260126_001200/BQM/3nq9_ligand_samples.json,./benchmarks/cqm_opt_bqm_from_cqm/workdir_fam_bqm_from_cqm/3nq9/cqm_opt_bqm_lm1_r2_20260126_001200/BQM/3nq9_ligand_sampler_meta.json,./benchmarks/cqm_opt_bqm_from_cqm_eval/3nq9/cqm_opt_bqm_lm1_r2_20260126_001200/3nq9_ligand_report.csv,./benchmarks/cqm_opt_bqm_from_cqm_eval/3nq9/cqm_opt_bqm_lm1_r2_20260126_001200/result.json
opt,3nq9,cqm_opt_bqm_lm1_r3_20260126_001313,3,1.5,18.0,1.87,1.0,0.0,1,1,1.0,8,-4.0,-4.0,1,5.7046,5.7046,0.0,1.0,0.0,1.996274,,,0.093,DWaveHybridSamplerAdapter,,30,QDock FAM CQM-to-BQM hybrid,d569b99a-6909-47af-a37a-8cd178c9207c,QDock FAM CQM-to-BQM hybrid,2782dd74-2e89-43b8-ad58-43c4686e4b0b,1.996274,,29.98682,29.98682,130,5154,"{'num_vars': 130, 'mono_constraints': 0, 'dist_constraints': 0, 'constraint_limit_hit': False}",,,,,./benchmarks/cqm_opt/workdir_fam_cqm,./benchmarks/cqm_opt_bqm_from_cqm/workdir_fam_bqm_from_cqm,./benchmarks/cqm_opt_bqm_from_cqm_eval,./benchmarks/cqm_opt/workdir_fam_cqm/3nq9/CQM/3nq9_ligand_cqm_spec.json,./benchmarks/cqm_opt_bqm_from_cqm/workdir_fam_bqm_from_cqm/3nq9/cqm_opt_bqm_lm1_r3_20260126_001313/BQM/3nq9_ligand_samples.json,./benchmarks/cqm_opt_bqm_from_cqm/workdir_fam_bqm_from_cqm/3nq9/cqm_opt_bqm_lm1_r3_20260126_001313/BQM/3nq9_ligand_sampler_meta.json,./benchmarks/cqm_opt_bqm_from_cqm_eval/3nq9/cqm_opt_bqm_lm1_r3_20260126_001313/3nq9_ligand_report.csv,./benchmarks/cqm_opt_bqm_from_cqm_eval/3nq9/cqm_opt_bqm_lm1_r3_20260126_001313/result.json
opt,3nq9,cqm_opt_bqm_lm1_r4_20260126_001426,4,1.5,18.0,1.87,1.0,0.0,1,1,1.0,8,-4.0,-4.0,1,5.5602,5.5602,0.0,1.0,0.0,1.991268,,,0.096,DWaveHybridSamplerAdapter,,30,QDock FAM CQM-to-BQM hybrid,3a83da86-7633-4d97-9cb0-f8cbb6503b85,QDock FAM CQM-to-BQM hybrid,0da60273-d718-4cfd-b80a-938007a72baf,1.991268,,29.996133,29.996133,130,5154,"{'num_vars': 130, 'mono_constraints': 0, 'dist_constraints': 0, 'constraint_limit_hit': False}",,,,,./benchmarks/cqm_opt/workdir_fam_cqm,./benchmarks/cqm_opt_bqm_from_cqm/workdir_fam_bqm_from_cqm,./benchmarks/cqm_opt_bqm_from_cqm_eval,./benchmarks/cqm_opt/workdir_fam_cqm/3nq9/CQM/3nq9_ligand_cqm_spec.json,./benchmarks/cqm_opt_bqm_from_cqm/workdir_fam_bqm_from_cqm/3nq9/cqm_opt_bqm_lm1_r4_20260126_001426/BQM/3nq9_ligand_samples.json,./benchmarks/cqm_opt_bqm_from_cqm/workdir_fam_bqm_from_cqm/3nq9/cqm_opt_bqm_lm1_r4_20260126_001426/BQM/3nq9_ligand_sampler_meta.json,./benchmarks/cqm_opt_bqm_from_cqm_eval/3nq9/cqm_opt_bqm_lm1_r4_20260126_001426/3nq9_ligand_report.csv,./benchmarks/cqm_opt_bqm_from_cqm_eval/3nq9/cqm_opt_bqm_lm1_r4_20260126_001426/result.json
opt,3nq9,cqm_opt_bqm_lm1_r5_20260126_001540,5,1.5,18.0,1.87,1.0,0.0,1,1,1.0,8,-4.0,-4.0,1,7.6233,7.6233,0.0,1.0,0.0,1.952502,,,0.095,DWaveHybridSamplerAdapter,,30,QDock FAM CQM-to-BQM hybrid,d248a6ce-b71d-4ee0-a442-baea198586a0,QDock FAM CQM-to-BQM hybrid,28b23d08-6a76-416b-b06b-178de805e9ec,1.952502,,29.99454,29.99454,130,5154,"{'num_vars': 130, 'mono_constraints': 0, 'dist_constraints': 0, 'constraint_limit_hit': False}",,,,,./benchmarks/cqm_opt/workdir_fam_cqm,./benchmarks/cqm_opt_bqm_from_cqm/workdir_fam_bqm_from_cqm,./benchmarks/cqm_opt_bqm_from_cqm_eval,./benchmarks/cqm_opt/workdir_fam_cqm/3nq9/CQM/3nq9_ligand_cqm_spec.json,./benchmarks/cqm_opt_bqm_from_cqm/workdir_fam_bqm_from_cqm/3nq9/cqm_opt_bqm_lm1_r5_20260126_001540/BQM/3nq9_ligand_samples.json,./benchmarks/cqm_opt_bqm_from_cqm/workdir_fam_bqm_from_cqm/3nq9/cqm_opt_bqm_lm1_r5_20260126_001540/BQM/3nq9_ligand_sampler_meta.json,./benchmarks/cqm_opt_bqm_from_cqm_eval/3nq9/cqm_opt_bqm_lm1_r5_20260126_001540/3nq9_ligand_report.csv,./benchmarks/cqm_opt_bqm_from_cqm_eval/3nq9/cqm_opt_bqm_lm1_r5_20260126_001540/result.json
opt,3nq9,cqm_opt_bqm_lm3_r1_20260126_001653,1,1.5,18.0,1.87,3.0,0.0,1,1,1.0,8,-4.0,-4.0,1,5.7627,5.7627,0.0,1.0,0.0,1.693793,,,0.096,DWaveHybridSamplerAdapter,,30,QDock FAM CQM-to-BQM hybrid,c09e1f56-07ed-47b8-a35c-f24bdb7bdabb,QDock FAM CQM-to-BQM hybrid,8d92b1ab-2d58-4d4c-b910-ed46fc91f441,1.693793,,29.995653,29.995653,130,5154,"{'num_vars': 130, 'mono_constraints': 0, 'dist_constraints': 0, 'constraint_limit_hit': False}",,,,,./benchmarks/cqm_opt/workdir_fam_cqm,./benchmarks/cqm_opt_bqm_from_cqm/workdir_fam_bqm_from_cqm,./benchmarks/cqm_opt_bqm_from_cqm_eval,./benchmarks/cqm_opt/workdir_fam_cqm/3nq9/CQM/3nq9_ligand_cqm_spec.json,./benchmarks/cqm_opt_bqm_from_cqm/workdir_fam_bqm_from_cqm/3nq9/cqm_opt_bqm_lm3_r1_20260126_001653/BQM/3nq9_ligand_samples.json,./benchmarks/cqm_opt_bqm_from_cqm/workdir_fam_bqm_from_cqm/3nq9/cqm_opt_bqm_lm3_r1_20260126_001653/BQM/3nq9_ligand_sampler_meta.json,./benchmarks/cqm_opt_bqm_from_cqm_eval/3nq9/cqm_opt_bqm_lm3_r1_20260126_001653/3nq9_ligand_report.csv,./benchmarks/cqm_opt_bqm_from_cqm_eval/3nq9/cqm_opt_bqm_lm3_r1_20260126_001653/result.json
opt,3nq9,cqm_opt_bqm_lm3_r2_20260126_001808,2,1.5,18.0,1.87,3.0,0.0,1,1,1.0,8,-4.0,-4.0,1,4.2022,4.2022,0.0,1.0,0.0,1.949558,,,0.097,DWaveHybridSamplerAdapter,,30,QDock FAM CQM-to-BQM hybrid,c6b404bd-899d-44a2-b4e5-22425342b7e7,QDock FAM CQM-to-BQM hybrid,812e1e52-881d-4e66-8cb0-7bd6aede96b5,1.949558,,29.99357,29.99357,130,5154,"{'num_vars': 130, 'mono_constraints': 0, 'dist_constraints': 0, 'constraint_limit_hit': False}",,,,,./benchmarks/cqm_opt/workdir_fam_cqm,./benchmarks/cqm_opt_bqm_from_cqm/workdir_fam_bqm_from_cqm,./benchmarks/cqm_opt_bqm_from_cqm_eval,./benchmarks/cqm_opt/workdir_fam_cqm/3nq9/CQM/3nq9_ligand_cqm_spec.json,./benchmarks/cqm_opt_bqm_from_cqm/workdir_fam_bqm_from_cqm/3nq9/cqm_opt_bqm_lm3_r2_20260126_001808/BQM/3nq9_ligand_samples.json,./benchmarks/cqm_opt_bqm_from_cqm/workdir_fam_bqm_from_cqm/3nq9/cqm_opt_bqm_lm3_r2_20260126_001808/BQM/3nq9_ligand_sampler_meta.json,./benchmarks/cqm_opt_bqm_from_cqm_eval/3nq9/cqm_opt_bqm_lm3_r2_20260126_001808/3nq9_ligand_report.csv,./benchmarks/cqm_opt_bqm_from_cqm_eval/3nq9/cqm_opt_bqm_lm3_r2_20260126_001808/result.json
opt,3nq9,cqm_opt_bqm_lm3_r3_20260126_002021,3,1.5,18.0,1.87,3.0,0.0,1,1,1.0,8,-4.0,-4.0,1,3.2812,3.2812,0.0,1.0,0.0,1.945003,,,0.098,DWaveHybridSamplerAdapter,,30,QDock FAM CQM-to-BQM hybrid,2be75075-6044-43f4-8ff4-3e2b24fb6342,QDock FAM CQM-to-BQM hybrid,b6b0fbb7-a6c8-4766-9a43-a00856b0a8d4,1.945003,,29.989087,29.989087,130,5154,"{'num_vars': 130, 'mono_constraints': 0, 'dist_constraints': 0, 'constraint_limit_hit': False}",,,,,./benchmarks/cqm_opt/workdir_fam_cqm,./benchmarks/cqm_opt_bqm_from_cqm/workdir_fam_bqm_from_cqm,./benchmarks/cqm_opt_bqm_from_cqm_eval,./benchmarks/cqm_opt/workdir_fam_cqm/3nq9/CQM/3nq9_ligand_cqm_spec.json,./benchmarks/cqm_opt_bqm_from_cqm/workdir_fam_bqm_from_cqm/3nq9/cqm_opt_bqm_lm3_r3_20260126_002021/BQM/3nq9_ligand_samples.json,./benchmarks/cqm_opt_bqm_from_cqm/workdir_fam_bqm_from_cqm/3nq9/cqm_opt_bqm_lm3_r3_20260126_002021/BQM/3nq9_ligand_sampler_meta.json,./benchmarks/cqm_opt_bqm_from_cqm_eval/3nq9/cqm_opt_bqm_lm3_r3_20260126_002021/3nq9_ligand_report.csv,./benchmarks/cqm_opt_bqm_from_cqm_eval/3nq9/cqm_opt_bqm_lm3_r3_20260126_002021/result.json
opt,3nq9,cqm_opt_bqm_lm3_r4_20260126_002136,4,1.5,18.0,1.87,3.0,0.0,1,1,1.0,8,-4.0,-4.0,1,3.5043,3.5043,0.0,1.0,0.0,1.854617,,,0.123,DWaveHybridSamplerAdapter,,30,QDock FAM CQM-to-BQM hybrid,8d27d87d-1d83-4257-83be-768cf0c90293,QDock FAM CQM-to-BQM hybrid,266da495-619c-4b38-ba54-8cef70d946c7,1.854617,,29.991179,29.991179,130,5154,"{'num_vars': 130, 'mono_constraints': 0, 'dist_constraints': 0, 'constraint_limit_hit': False}",,,,,./benchmarks/cqm_opt/workdir_fam_cqm,./benchmarks/cqm_opt_bqm_from_cqm/workdir_fam_bqm_from_cqm,./benchmarks/cqm_opt_bqm_from_cqm_eval,./benchmarks/cqm_opt/workdir_fam_cqm/3nq9/CQM/3nq9_ligand_cqm_spec.json,./benchmarks/cqm_opt_bqm_from_cqm/workdir_fam_bqm_from_cqm/3nq9/cqm_opt_bqm_lm3_r4_20260126_002136/BQM/3nq9_ligand_samples.json,./benchmarks/cqm_opt_bqm_from_cqm/workdir_fam_bqm_from_cqm/3nq9/cqm_opt_bqm_lm3_r4_20260126_002136/BQM/3nq9_ligand_sampler_meta.json,./benchmarks/cqm_opt_bqm_from_cqm_eval/3nq9/cqm_opt_bqm_lm3_r4_20260126_002136/3nq9_ligand_report.csv,./benchmarks/cqm_opt_bqm_from_cqm_eval/3nq9/cqm_opt_bqm_lm3_r4_20260126_002136/result.json
opt,3nq9,cqm_opt_bqm_lm3_r5_20260126_002249,5,1.5,18.0,1.87,3.0,0.0,1,1,1.0,8,-4.0,-4.0,1,3.6155,3.6155,0.0,1.0,0.0,1.953191,,,0.148,DWaveHybridSamplerAdapter,,30,QDock FAM CQM-to-BQM hybrid,47d3672e-eb16-42d8-b02e-d9a1780310c2,QDock FAM CQM-to-BQM hybrid,5594894b-9fd5-47a7-815e-f404db2cd2b7,1.953191,,29.985783,29.985783,130,5154,"{'num_vars': 130, 'mono_constraints': 0, 'dist_constraints': 0, 'constraint_limit_hit': False}",,,,,./benchmarks/cqm_opt/workdir_fam_cqm,./benchmarks/cqm_opt_bqm_from_cqm/workdir_fam_bqm_from_cqm,./benchmarks/cqm_opt_bqm_from_cqm_eval,./benchmarks/cqm_opt/workdir_fam_cqm/3nq9/CQM/3nq9_ligand_cqm_spec.json,./benchmarks/cqm_opt_bqm_from_cqm/workdir_fam_bqm_from_cqm/3nq9/cqm_opt_bqm_lm3_r5_20260126_002249/BQM/3nq9_ligand_samples.json,./benchmarks/cqm_opt_bqm_from_cqm/workdir_fam_bqm_from_cqm/3nq9/cqm_opt_bqm_lm3_r5_20260126_002249/BQM/3nq9_ligand_sampler_meta.json,./benchmarks/cqm_opt_bqm_from_cqm_eval/3nq9/cqm_opt_bqm_lm3_r5_20260126_002249/3nq9_ligand_report.csv,./benchmarks/cqm_opt_bqm_from_cqm_eval/3nq9/cqm_opt_bqm_lm3_r5_20260126_002249/result.json
opt,3nq9,cqm_opt_bqm_lm10_r1_20260126_002403,1,1.5,18.0,1.87,10.0,0.0,1,1,1.0,8,-4.0,-4.0,1,5.505,5.505,0.0,1.0,0.0,1.945452,,,0.098,DWaveHybridSamplerAdapter,,30,QDock FAM CQM-to-BQM hybrid,bfcf98c1-1eaa-49f7-ac76-888aa5e2b597,QDock FAM CQM-to-BQM hybrid,4c597499-c6a1-440e-801b-8ca4fd6a4a4c,1.945452,,29.99237,29.99237,130,5154,"{'num_vars': 130, 'mono_constraints': 0, 'dist_constraints': 0, 'constraint_limit_hit': False}",,,,,./benchmarks/cqm_opt/workdir_fam_cqm,./benchmarks/cqm_opt_bqm_from_cqm/workdir_fam_bqm_from_cqm,./benchmarks/cqm_opt_bqm_from_cqm_eval,./benchmarks/cqm_opt/workdir_fam_cqm/3nq9/CQM/3nq9_ligand_cqm_spec.json,./benchmarks/cqm_opt_bqm_from_cqm/workdir_fam_bqm_from_cqm/3nq9/cqm_opt_bqm_lm10_r1_20260126_002403/BQM/3nq9_ligand_samples.json,./benchmarks/cqm_opt_bqm_from_cqm/workdir_fam_bqm_from_cqm/3nq9/cqm_opt_bqm_lm10_r1_20260126_002403/BQM/3nq9_ligand_sampler_meta.json,./benchmarks/cqm_opt_bqm_from_cqm_eval/3nq9/cqm_opt_bqm_lm10_r1_20260126_002403/3nq9_ligand_report.csv,./benchmarks/cqm_opt_bqm_from_cqm_eval/3nq9/cqm_opt_bqm_lm10_r1_20260126_002403/result.json
opt,3nq9,cqm_opt_bqm_lm10_r2_20260126_002516,2,1.5,18.0,1.87,10.0,0.0,1,1,1.0,8,-4.0,-4.0,1,2.4751,2.4751,0.0,1.0,0.0,1.939356,,,0.096,DWaveHybridSamplerAdapter,,30,QDock FAM CQM-to-BQM hybrid,a25d3836-0624-464b-953a-4447be34be02,QDock FAM CQM-to-BQM hybrid,8b704fed-a46a-48d7-a364-940418cd4014,1.939356,,29.997324,29.997324,130,5154,"{'num_vars': 130, 'mono_constraints': 0, 'dist_constraints': 0, 'constraint_limit_hit': False}",,,,,./benchmarks/cqm_opt/workdir_fam_cqm,./benchmarks/cqm_opt_bqm_from_cqm/workdir_fam_bqm_from_cqm,./benchmarks/cqm_opt_bqm_from_cqm_eval,./benchmarks/cqm_opt/workdir_fam_cqm/3nq9/CQM/3nq9_ligand_cqm_spec.json,./benchmarks/cqm_opt_bqm_from_cqm/workdir_fam_bqm_from_cqm/3nq9/cqm_opt_bqm_lm10_r2_20260126_002516/BQM/3nq9_ligand_samples.json,./benchmarks/cqm_opt_bqm_from_cqm/workdir_fam_bqm_from_cqm/3nq9/cqm_opt_bqm_lm10_r2_20260126_002516/BQM/3nq9_ligand_sampler_meta.json,./benchmarks/cqm_opt_bqm_from_cqm_eval/3nq9/cqm_opt_bqm_lm10_r2_20260126_002516/3nq9_ligand_report.csv,./benchmarks/cqm_opt_bqm_from_cqm_eval/3nq9/cqm_opt_bqm_lm10_r2_20260126_002516/result.json
opt,3nq9,cqm_opt_bqm_lm10_r3_20260126_002630,3,1.5,18.0,1.87,10.0,0.0,1,1,1.0,8,-4.0,-4.0,1,5.6223,5.6223,0.0,1.0,0.0,1.947016,,,0.098,DWaveHybridSamplerAdapter,,30,QDock FAM CQM-to-BQM hybrid,20eb9415-025f-4873-992e-5e56c592af5e,QDock FAM CQM-to-BQM hybrid,7efe45e7-2179-48b1-9a5d-b4fecf7549ec,1.947016,,29.999822,29.999822,130,5154,"{'num_vars': 130, 'mono_constraints': 0, 'dist_constraints': 0, 'constraint_limit_hit': False}",,,,,./benchmarks/cqm_opt/workdir_fam_cqm,./benchmarks/cqm_opt_bqm_from_cqm/workdir_fam_bqm_from_cqm,./benchmarks/cqm_opt_bqm_from_cqm_eval,./benchmarks/cqm_opt/workdir_fam_cqm/3nq9/CQM/3nq9_ligand_cqm_spec.json,./benchmarks/cqm_opt_bqm_from_cqm/workdir_fam_bqm_from_cqm/3nq9/cqm_opt_bqm_lm10_r3_20260126_002630/BQM/3nq9_ligand_samples.json,./benchmarks/cqm_opt_bqm_from_cqm/workdir_fam_bqm_from_cqm/3nq9/cqm_opt_bqm_lm10_r3_20260126_002630/BQM/3nq9_ligand_sampler_meta.json,./benchmarks/cqm_opt_bqm_from_cqm_eval/3nq9/cqm_opt_bqm_lm10_r3_20260126_002630/3nq9_ligand_report.csv,./benchmarks/cqm_opt_bqm_from_cqm_eval/3nq9/cqm_opt_bqm_lm10_r3_20260126_002630/result.json
opt,3nq9,cqm_opt_bqm_lm10_r4_20260126_002744,4,1.5,18.0,1.87,10.0,0.0,1,1,1.0,8,-4.0,-4.0,1,5.5724,5.5724,0.0,1.0,0.0,1.946478,,,0.184,DWaveHybridSamplerAdapter,,30,QDock FAM CQM-to-BQM hybrid,fcff8801-c95e-4a26-9c6e-1bd3a6b2fb87,QDock FAM CQM-to-BQM hybrid,a13db922-7e36-4840-aca7-1acf5bb45f94,1.946478,,29.989618,29.989618,130,5154,"{'num_vars': 130, 'mono_constraints': 0, 'dist_constraints': 0, 'constraint_limit_hit': False}",,,,,./benchmarks/cqm_opt/workdir_fam_cqm,./benchmarks/cqm_opt_bqm_from_cqm/workdir_fam_bqm_from_cqm,./benchmarks/cqm_opt_bqm_from_cqm_eval,./benchmarks/cqm_opt/workdir_fam_cqm/3nq9/CQM/3nq9_ligand_cqm_spec.json,./benchmarks/cqm_opt_bqm_from_cqm/workdir_fam_bqm_from_cqm/3nq9/cqm_opt_bqm_lm10_r4_20260126_002744/BQM/3nq9_ligand_samples.json,./benchmarks/cqm_opt_bqm_from_cqm/workdir_fam_bqm_from_cqm/3nq9/cqm_opt_bqm_lm10_r4_20260126_002744/BQM/3nq9_ligand_sampler_meta.json,./benchmarks/cqm_opt_bqm_from_cqm_eval/3nq9/cqm_opt_bqm_lm10_r4_20260126_002744/3nq9_ligand_report.csv,./benchmarks/cqm_opt_bqm_from_cqm_eval/3nq9/cqm_opt_bqm_lm10_r4_20260126_002744/result.json
opt,3nq9,cqm_opt_bqm_lm10_r5_20260126_002857,5,1.5,18.0,1.87,10.0,0.0,1,1,1.0,8,-4.0,-4.0,1,5.7403,5.7403,0.0,1.0,0.0,1.946127,,,0.094,DWaveHybridSamplerAdapter,,30,QDock FAM CQM-to-BQM hybrid,a3732033-85cc-4db6-9e45-f461045b1a6b,QDock FAM CQM-to-BQM hybrid,87eef223-f862-41f2-b637-d9df1ea4a41c,1.946127,,29.994753,29.994753,130,5154,"{'num_vars': 130, 'mono_constraints': 0, 'dist_constraints': 0, 'constraint_limit_hit': False}",,,,,./benchmarks/cqm_opt/workdir_fam_cqm,./benchmarks/cqm_opt_bqm_from_cqm/workdir_fam_bqm_from_cqm,./benchmarks/cqm_opt_bqm_from_cqm_eval,./benchmarks/cqm_opt/workdir_fam_cqm/3nq9/CQM/3nq9_ligand_cqm_spec.json,./benchmarks/cqm_opt_bqm_from_cqm/workdir_fam_bqm_from_cqm/3nq9/cqm_opt_bqm_lm10_r5_20260126_002857/BQM/3nq9_ligand_samples.json,./benchmarks/cqm_opt_bqm_from_cqm/workdir_fam_bqm_from_cqm/3nq9/cqm_opt_bqm_lm10_r5_20260126_002857/BQM/3nq9_ligand_sampler_meta.json,./benchmarks/cqm_opt_bqm_from_cqm_eval/3nq9/cqm_opt_bqm_lm10_r5_20260126_002857/3nq9_ligand_report.csv,./benchmarks/cqm_opt_bqm_from_cqm_eval/3nq9/cqm_opt_bqm_lm10_r5_20260126_002857/result.json
opt,3nq9,cqm_opt_bqm_lm30_r1_20260126_003015,1,1.5,18.0,1.87,30.0,0.0,1,1,1.0,8,-4.0,-4.0,1,3.8133,3.8133,0.0,1.0,0.0,1.990011,,,0.099,DWaveHybridSamplerAdapter,,30,QDock FAM CQM-to-BQM hybrid,c3da3329-6009-4de7-948f-927a70048e4d,QDock FAM CQM-to-BQM hybrid,096691e0-5574-48b6-b1c2-f69c19ded8c2,1.990011,,29.996865,29.996865,130,5154,"{'num_vars': 130, 'mono_constraints': 0, 'dist_constraints': 0, 'constraint_limit_hit': False}",,,,,./benchmarks/cqm_opt/workdir_fam_cqm,./benchmarks/cqm_opt_bqm_from_cqm/workdir_fam_bqm_from_cqm,./benchmarks/cqm_opt_bqm_from_cqm_eval,./benchmarks/cqm_opt/workdir_fam_cqm/3nq9/CQM/3nq9_ligand_cqm_spec.json,./benchmarks/cqm_opt_bqm_from_cqm/workdir_fam_bqm_from_cqm/3nq9/cqm_opt_bqm_lm30_r1_20260126_003015/BQM/3nq9_ligand_samples.json,./benchmarks/cqm_opt_bqm_from_cqm/workdir_fam_bqm_from_cqm/3nq9/cqm_opt_bqm_lm30_r1_20260126_003015/BQM/3nq9_ligand_sampler_meta.json,./benchmarks/cqm_opt_bqm_from_cqm_eval/3nq9/cqm_opt_bqm_lm30_r1_20260126_003015/3nq9_ligand_report.csv,./benchmarks/cqm_opt_bqm_from_cqm_eval/3nq9/cqm_opt_bqm_lm30_r1_20260126_003015/result.json
opt,3nq9,cqm_opt_bqm_lm30_r2_20260126_003127,2,1.5,18.0,1.87,30.0,0.0,1,1,1.0,8,-4.0,-4.0,1,5.5602,5.5602,0.0,1.0,0.0,1.897431,,,0.097,DWaveHybridSamplerAdapter,,30,QDock FAM CQM-to-BQM hybrid,e959564d-00e5-41e0-8a1f-4477b469c089,QDock FAM CQM-to-BQM hybrid,f5f0aadf-a81a-431e-a60e-23594395c105,1.897431,,29.986297,29.986297,130,5154,"{'num_vars': 130, 'mono_constraints': 0, 'dist_constraints': 0, 'constraint_limit_hit': False}",,,,,./benchmarks/cqm_opt/workdir_fam_cqm,./benchmarks/cqm_opt_bqm_from_cqm/workdir_fam_bqm_from_cqm,./benchmarks/cqm_opt_bqm_from_cqm_eval,./benchmarks/cqm_opt/workdir_fam_cqm/3nq9/CQM/3nq9_ligand_cqm_spec.json,./benchmarks/cqm_opt_bqm_from_cqm/workdir_fam_bqm_from_cqm/3nq9/cqm_opt_bqm_lm30_r2_20260126_003127/BQM/3nq9_ligand_samples.json,./benchmarks/cqm_opt_bqm_from_cqm/workdir_fam_bqm_from_cqm/3nq9/cqm_opt_bqm_lm30_r2_20260126_003127/BQM/3nq9_ligand_sampler_meta.json,./benchmarks/cqm_opt_bqm_from_cqm_eval/3nq9/cqm_opt_bqm_lm30_r2_20260126_003127/3nq9_ligand_report.csv,./benchmarks/cqm_opt_bqm_from_cqm_eval/3nq9/cqm_opt_bqm_lm30_r2_20260126_003127/result.json
opt,3nq9,cqm_opt_bqm_lm30_r3_20260126_003240,3,1.5,18.0,1.87,30.0,0.0,1,1,1.0,8,-4.0,-4.0,1,3.4231,3.4231,0.0,1.0,0.0,1.94398,,,0.095,DWaveHybridSamplerAdapter,,30,QDock FAM CQM-to-BQM hybrid,3598a163-31fd-4427-b05f-81aa2933a942,QDock FAM CQM-to-BQM hybrid,7788509f-c480-479c-b8e2-fe43c1ce4616,1.94398,,29.998722,29.998722,130,5154,"{'num_vars': 130, 'mono_constraints': 0, 'dist_constraints': 0, 'constraint_limit_hit': False}",,,,,./benchmarks/cqm_opt/workdir_fam_cqm,./benchmarks/cqm_opt_bqm_from_cqm/workdir_fam_bqm_from_cqm,./benchmarks/cqm_opt_bqm_from_cqm_eval,./benchmarks/cqm_opt/workdir_fam_cqm/3nq9/CQM/3nq9_ligand_cqm_spec.json,./benchmarks/cqm_opt_bqm_from_cqm/workdir_fam_bqm_from_cqm/3nq9/cqm_opt_bqm_lm30_r3_20260126_003240/BQM/3nq9_ligand_samples.json,./benchmarks/cqm_opt_bqm_from_cqm/workdir_fam_bqm_from_cqm/3nq9/cqm_opt_bqm_lm30_r3_20260126_003240/BQM/3nq9_ligand_sampler_meta.json,./benchmarks/cqm_opt_bqm_from_cqm_eval/3nq9/cqm_opt_bqm_lm30_r3_20260126_003240/3nq9_ligand_report.csv,./benchmarks/cqm_opt_bqm_from_cqm_eval/3nq9/cqm_opt_bqm_lm30_r3_20260126_003240/result.json
opt,3nq9,cqm_opt_bqm_lm30_r4_20260126_003354,4,1.5,18.0,1.87,30.0,0.0,1,1,1.0,8,-4.0,-4.0,1,6.0318,6.0318,0.0,1.0,0.0,1.941881,,,0.098,DWaveHybridSamplerAdapter,,30,QDock FAM CQM-to-BQM hybrid,818f9f40-1ee7-4751-8694-7c297fe4e3a3,QDock FAM CQM-to-BQM hybrid,0be05435-9f1e-40c6-b2b8-3e7b5de48d01,1.941881,,29.986226,29.986226,130,5154,"{'num_vars': 130, 'mono_constraints': 0, 'dist_constraints': 0, 'constraint_limit_hit': False}",,,,,./benchmarks/cqm_opt/workdir_fam_cqm,./benchmarks/cqm_opt_bqm_from_cqm/workdir_fam_bqm_from_cqm,./benchmarks/cqm_opt_bqm_from_cqm_eval,./benchmarks/cqm_opt/workdir_fam_cqm/3nq9/CQM/3nq9_ligand_cqm_spec.json,./benchmarks/cqm_opt_bqm_from_cqm/workdir_fam_bqm_from_cqm/3nq9/cqm_opt_bqm_lm30_r4_20260126_003354/BQM/3nq9_ligand_samples.json,./benchmarks/cqm_opt_bqm_from_cqm/workdir_fam_bqm_from_cqm/3nq9/cqm_opt_bqm_lm30_r4_20260126_003354/BQM/3nq9_ligand_sampler_meta.json,./benchmarks/cqm_opt_bqm_from_cqm_eval/3nq9/cqm_opt_bqm_lm30_r4_20260126_003354/3nq9_ligand_report.csv,./benchmarks/cqm_opt_bqm_from_cqm_eval/3nq9/cqm_opt_bqm_lm30_r4_20260126_003354/result.json
opt,3nq9,cqm_opt_bqm_lm30_r5_20260126_003506,5,1.5,18.0,1.87,30.0,0.0,1,1,1.0,8,-4.0,-4.0,1,2.4917,2.4917,0.0,1.0,0.0,1.957836,,,0.099,DWaveHybridSamplerAdapter,,30,QDock FAM CQM-to-BQM hybrid,e3d7f8dd-1943-4633-9186-a085c4d655a0,QDock FAM CQM-to-BQM hybrid,3290cee9-4c38-4192-a085-39eb9fd9d7c9,1.957836,,29.992857,29.992857,130,5154,"{'num_vars': 130, 'mono_constraints': 0, 'dist_constraints': 0, 'constraint_limit_hit': False}",,,,,./benchmarks/cqm_opt/workdir_fam_cqm,./benchmarks/cqm_opt_bqm_from_cqm/workdir_fam_bqm_from_cqm,./benchmarks/cqm_opt_bqm_from_cqm_eval,./benchmarks/cqm_opt/workdir_fam_cqm/3nq9/CQM/3nq9_ligand_cqm_spec.json,./benchmarks/cqm_opt_bqm_from_cqm/workdir_fam_bqm_from_cqm/3nq9/cqm_opt_bqm_lm30_r5_20260126_003506/BQM/3nq9_ligand_samples.json,./benchmarks/cqm_opt_bqm_from_cqm/workdir_fam_bqm_from_cqm/3nq9/cqm_opt_bqm_lm30_r5_20260126_003506/BQM/3nq9_ligand_sampler_meta.json,./benchmarks/cqm_opt_bqm_from_cqm_eval/3nq9/cqm_opt_bqm_lm30_r5_20260126_003506/3nq9_ligand_report.csv,./benchmarks/cqm_opt_bqm_from_cqm_eval/3nq9/cqm_opt_bqm_lm30_r5_20260126_003506/result.json
opt,3nq9,cqm_opt_bqm_lm100_r1_20260126_003621,1,1.5,18.0,1.87,100.0,0.0,1,1,1.0,8,-4.0,-4.0,1,3.9675,3.9675,0.0,1.0,0.0,1.953681,,,0.097,DWaveHybridSamplerAdapter,,30,QDock FAM CQM-to-BQM hybrid,d65f312d-5500-411a-a249-a6a8b4b38b45,QDock FAM CQM-to-BQM hybrid,86b720f5-addc-46a7-9381-658c2a0f135e,1.953681,,29.988563,29.988563,130,5154,"{'num_vars': 130, 'mono_constraints': 0, 'dist_constraints': 0, 'constraint_limit_hit': False}",,,,,./benchmarks/cqm_opt/workdir_fam_cqm,./benchmarks/cqm_opt_bqm_from_cqm/workdir_fam_bqm_from_cqm,./benchmarks/cqm_opt_bqm_from_cqm_eval,./benchmarks/cqm_opt/workdir_fam_cqm/3nq9/CQM/3nq9_ligand_cqm_spec.json,./benchmarks/cqm_opt_bqm_from_cqm/workdir_fam_bqm_from_cqm/3nq9/cqm_opt_bqm_lm100_r1_20260126_003621/BQM/3nq9_ligand_samples.json,./benchmarks/cqm_opt_bqm_from_cqm/workdir_fam_bqm_from_cqm/3nq9/cqm_opt_bqm_lm100_r1_20260126_003621/BQM/3nq9_ligand_sampler_meta.json,./benchmarks/cqm_opt_bqm_from_cqm_eval/3nq9/cqm_opt_bqm_lm100_r1_20260126_003621/3nq9_ligand_report.csv,./benchmarks/cqm_opt_bqm_from_cqm_eval/3nq9/cqm_opt_bqm_lm100_r1_20260126_003621/result.json
opt,3nq9,cqm_opt_bqm_lm100_r2_20260126_003734,2,1.5,18.0,1.87,100.0,0.0,1,1,1.0,8,-4.0,-4.0,1,6.7645,6.7645,0.0,1.0,0.0,1.94928,,,0.097,DWaveHybridSamplerAdapter,,30,QDock FAM CQM-to-BQM hybrid,7ac75aea-946d-4b99-873f-cbeaa557f6ee,QDock FAM CQM-to-BQM hybrid,ada9e2d1-1b53-4a2e-b28b-e60bb9a15463,1.94928,,30.000533,30.0,130,5154,"{'num_vars': 130, 'mono_constraints': 0, 'dist_constraints': 0, 'constraint_limit_hit': False}",,,,,./benchmarks/cqm_opt/workdir_fam_cqm,./benchmarks/cqm_opt_bqm_from_cqm/workdir_fam_bqm_from_cqm,./benchmarks/cqm_opt_bqm_from_cqm_eval,./benchmarks/cqm_opt/workdir_fam_cqm/3nq9/CQM/3nq9_ligand_cqm_spec.json,./benchmarks/cqm_opt_bqm_from_cqm/workdir_fam_bqm_from_cqm/3nq9/cqm_opt_bqm_lm100_r2_20260126_003734/BQM/3nq9_ligand_samples.json,./benchmarks/cqm_opt_bqm_from_cqm/workdir_fam_bqm_from_cqm/3nq9/cqm_opt_bqm_lm100_r2_20260126_003734/BQM/3nq9_ligand_sampler_meta.json,./benchmarks/cqm_opt_bqm_from_cqm_eval/3nq9/cqm_opt_bqm_lm100_r2_20260126_003734/3nq9_ligand_report.csv,./benchmarks/cqm_opt_bqm_from_cqm_eval/3nq9/cqm_opt_bqm_lm100_r2_20260126_003734/result.json
opt,3nq9,cqm_opt_bqm_lm100_r3_20260126_003850,3,1.5,18.0,1.87,100.0,0.0,1,1,1.0,8,-4.0,-4.0,1,5.4202,5.4202,0.0,1.0,0.0,1.954784,,,0.099,DWaveHybridSamplerAdapter,,30,QDock FAM CQM-to-BQM hybrid,3873bec7-5f91-4635-ad6e-5bdd6f121524,QDock FAM CQM-to-BQM hybrid,c2a44bae-f698-49c4-9cfd-1676bbb1a22a,1.954784,,29.987256,29.987256,130,5154,"{'num_vars': 130, 'mono_constraints': 0, 'dist_constraints': 0, 'constraint_limit_hit': False}",,,,,./benchmarks/cqm_opt/workdir_fam_cqm,./benchmarks/cqm_opt_bqm_from_cqm/workdir_fam_bqm_from_cqm,./benchmarks/cqm_opt_bqm_from_cqm_eval,./benchmarks/cqm_opt/workdir_fam_cqm/3nq9/CQM/3nq9_ligand_cqm_spec.json,./benchmarks/cqm_opt_bqm_from_cqm/workdir_fam_bqm_from_cqm/3nq9/cqm_opt_bqm_lm100_r3_20260126_003850/BQM/3nq9_ligand_samples.json,./benchmarks/cqm_opt_bqm_from_cqm/workdir_fam_bqm_from_cqm/3nq9/cqm_opt_bqm_lm100_r3_20260126_003850/BQM/3nq9_ligand_sampler_meta.json,./benchmarks/cqm_opt_bqm_from_cqm_eval/3nq9/cqm_opt_bqm_lm100_r3_20260126_003850/3nq9_ligand_report.csv,./benchmarks/cqm_opt_bqm_from_cqm_eval/3nq9/cqm_opt_bqm_lm100_r3_20260126_003850/result.json
opt,3nq9,cqm_opt_bqm_lm100_r4_20260126_004003,4,1.5,18.0,1.87,100.0,0.0,1,1,1.0,8,-4.0,-4.0,1,4.0653,4.0653,0.0,1.0,0.0,1.885799,,,0.098,DWaveHybridSamplerAdapter,,30,QDock FAM CQM-to-BQM hybrid,f83f53a2-423e-457c-8e92-c3749e7f396f,QDock FAM CQM-to-BQM hybrid,2b12deed-d68d-460a-b271-72810b66085b,1.885799,,29.993027,29.993027,130,5154,"{'num_vars': 130, 'mono_constraints': 0, 'dist_constraints': 0, 'constraint_limit_hit': False}",,,,,./benchmarks/cqm_opt/workdir_fam_cqm,./benchmarks/cqm_opt_bqm_from_cqm/workdir_fam_bqm_from_cqm,./benchmarks/cqm_opt_bqm_from_cqm_eval,./benchmarks/cqm_opt/workdir_fam_cqm/3nq9/CQM/3nq9_ligand_cqm_spec.json,./benchmarks/cqm_opt_bqm_from_cqm/workdir_fam_bqm_from_cqm/3nq9/cqm_opt_bqm_lm100_r4_20260126_004003/BQM/3nq9_ligand_samples.json,./benchmarks/cqm_opt_bqm_from_cqm/workdir_fam_bqm_from_cqm/3nq9/cqm_opt_bqm_lm100_r4_20260126_004003/BQM/3nq9_ligand_sampler_meta.json,./benchmarks/cqm_opt_bqm_from_cqm_eval/3nq9/cqm_opt_bqm_lm100_r4_20260126_004003/3nq9_ligand_report.csv,./benchmarks/cqm_opt_bqm_from_cqm_eval/3nq9/cqm_opt_bqm_lm100_r4_20260126_004003/result.json
opt,3nq9,cqm_opt_bqm_lm100_r5_20260126_004119,5,1.5,18.0,1.87,100.0,0.0,1,1,1.0,8,-4.0,-4.0,1,3.7742,3.7742,0.0,1.0,0.0,1.857118,,,0.101,DWaveHybridSamplerAdapter,,30,QDock FAM CQM-to-BQM hybrid,98e4e32f-a288-47e7-ab21-2bf9b647bb0a,QDock FAM CQM-to-BQM hybrid,93852694-4d77-45bc-bbc7-292eb74793b9,1.857118,,29.992704,29.992704,130,5154,"{'num_vars': 130, 'mono_constraints': 0, 'dist_constraints': 0, 'constraint_limit_hit': False}",,,,,./benchmarks/cqm_opt/workdir_fam_cqm,./benchmarks/cqm_opt_bqm_from_cqm/workdir_fam_bqm_from_cqm,./benchmarks/cqm_opt_bqm_from_cqm_eval,./benchmarks/cqm_opt/workdir_fam_cqm/3nq9/CQM/3nq9_ligand_cqm_spec.json,./benchmarks/cqm_opt_bqm_from_cqm/workdir_fam_bqm_from_cqm/3nq9/cqm_opt_bqm_lm100_r5_20260126_004119/BQM/3nq9_ligand_samples.json,./benchmarks/cqm_opt_bqm_from_cqm/workdir_fam_bqm_from_cqm/3nq9/cqm_opt_bqm_lm100_r5_20260126_004119/BQM/3nq9_ligand_sampler_meta.json,./benchmarks/cqm_opt_bqm_from_cqm_eval/3nq9/cqm_opt_bqm_lm100_r5_20260126_004119/3nq9_ligand_report.csv,./benchmarks/cqm_opt_bqm_from_cqm_eval/3nq9/cqm_opt_bqm_lm100_r5_20260126_004119/result.json
opt,4jsz,cqm_opt_bqm_lm1_r1_20260126_001043,1,1.5,18.0,1.87,1.0,0.0,1,1,1.0,10,-4.97,-4.97,1,2.3578,2.3578,0.0,1.0,0.0,1.788062,,,0.105,DWaveHybridSamplerAdapter,,30,QDock FAM CQM-to-BQM hybrid,e97d8665-c4c3-4140-be9d-69cc8df5526b,QDock FAM CQM-to-BQM hybrid,46eeaccf-26f7-4c9d-a31b-977bcfb45262,1.788062,,29.988955,29.988955,144,5428,"{'num_vars': 144, 'mono_constraints': 0, 'dist_constraints': 0, 'constraint_limit_hit': False}",,,,,./benchmarks/cqm_opt/workdir_fam_cqm,./benchmarks/cqm_opt_bqm_from_cqm/workdir_fam_bqm_from_cqm,./benchmarks/cqm_opt_bqm_from_cqm_eval,./benchmarks/cqm_opt/workdir_fam_cqm/4jsz/CQM/4jsz_ligand_cqm_spec.json,./benchmarks/cqm_opt_bqm_from_cqm/workdir_fam_bqm_from_cqm/4jsz/cqm_opt_bqm_lm1_r1_20260126_001043/BQM/4jsz_ligand_samples.json,./benchmarks/cqm_opt_bqm_from_cqm/workdir_fam_bqm_from_cqm/4jsz/cqm_opt_bqm_lm1_r1_20260126_001043/BQM/4jsz_ligand_sampler_meta.json,./benchmarks/cqm_opt_bqm_from_cqm_eval/4jsz/cqm_opt_bqm_lm1_r1_20260126_001043/4jsz_ligand_report.csv,./benchmarks/cqm_opt_bqm_from_cqm_eval/4jsz/cqm_opt_bqm_lm1_r1_20260126_001043/result.json
opt,4jsz,cqm_opt_bqm_lm1_r2_20260126_001200,2,1.5,18.0,1.87,1.0,0.0,1,1,1.0,10,-4.97,-4.97,1,2.3578,2.3578,0.0,1.0,0.0,1.848206,,,0.107,DWaveHybridSamplerAdapter,,30,QDock FAM CQM-to-BQM hybrid,d6d5d02a-b8f1-42e7-9e5f-281d433fd65e,QDock FAM CQM-to-BQM hybrid,8281a1a8-e657-4c10-8487-da829fb1c7ef,1.848206,,29.994708,29.994708,144,5428,"{'num_vars': 144, 'mono_constraints': 0, 'dist_constraints': 0, 'constraint_limit_hit': False}",,,,,./benchmarks/cqm_opt/workdir_fam_cqm,./benchmarks/cqm_opt_bqm_from_cqm/workdir_fam_bqm_from_cqm,./benchmarks/cqm_opt_bqm_from_cqm_eval,./benchmarks/cqm_opt/workdir_fam_cqm/4jsz/CQM/4jsz_ligand_cqm_spec.json,./benchmarks/cqm_opt_bqm_from_cqm/workdir_fam_bqm_from_cqm/4jsz/cqm_opt_bqm_lm1_r2_20260126_001200/BQM/4jsz_ligand_samples.json,./benchmarks/cqm_opt_bqm_from_cqm/workdir_fam_bqm_from_cqm/4jsz/cqm_opt_bqm_lm1_r2_20260126_001200/BQM/4jsz_ligand_sampler_meta.json,./benchmarks/cqm_opt_bqm_from_cqm_eval/4jsz/cqm_opt_bqm_lm1_r2_20260126_001200/4jsz_ligand_report.csv,./benchmarks/cqm_opt_bqm_from_cqm_eval/4jsz/cqm_opt_bqm_lm1_r2_20260126_001200/result.json
opt,4jsz,cqm_opt_bqm_lm1_r3_20260126_001313,3,1.5,18.0,1.87,1.0,0.0,1,1,1.0,10,-4.97,-4.97,1,2.401,2.401,0.0,1.0,0.0,1.953274,,,0.107,DWaveHybridSamplerAdapter,,30,QDock FAM CQM-to-BQM hybrid,6680c125-922d-495f-8f1c-188b99cdd025,QDock FAM CQM-to-BQM hybrid,64a6c86b-acdc-48e2-82a4-1dd57167cec5,1.953274,,29.994124,29.994124,144,5428,"{'num_vars': 144, 'mono_constraints': 0, 'dist_constraints': 0, 'constraint_limit_hit': False}",,,,,./benchmarks/cqm_opt/workdir_fam_cqm,./benchmarks/cqm_opt_bqm_from_cqm/workdir_fam_bqm_from_cqm,./benchmarks/cqm_opt_bqm_from_cqm_eval,./benchmarks/cqm_opt/workdir_fam_cqm/4jsz/CQM/4jsz_ligand_cqm_spec.json,./benchmarks/cqm_opt_bqm_from_cqm/workdir_fam_bqm_from_cqm/4jsz/cqm_opt_bqm_lm1_r3_20260126_001313/BQM/4jsz_ligand_samples.json,./benchmarks/cqm_opt_bqm_from_cqm/workdir_fam_bqm_from_cqm/4jsz/cqm_opt_bqm_lm1_r3_20260126_001313/BQM/4jsz_ligand_sampler_meta.json,./benchmarks/cqm_opt_bqm_from_cqm_eval/4jsz/cqm_opt_bqm_lm1_r3_20260126_001313/4jsz_ligand_report.csv,./benchmarks/cqm_opt_bqm_from_cqm_eval/4jsz/cqm_opt_bqm_lm1_r3_20260126_001313/result.json
opt,4jsz,cqm_opt_bqm_lm1_r4_20260126_001426,4,1.5,18.0,1.87,1.0,0.0,1,1,1.0,10,-4.97,-4.97,1,2.3578,2.3578,0.0,1.0,0.0,1.994888,,,0.108,DWaveHybridSamplerAdapter,,30,QDock FAM CQM-to-BQM hybrid,34c76cc4-cc8f-40eb-b7c0-89497a641bf4,QDock FAM CQM-to-BQM hybrid,298f3841-4f77-410d-aaaa-82d8c507ebfd,1.994888,,29.99904,29.99904,144,5428,"{'num_vars': 144, 'mono_constraints': 0, 'dist_constraints': 0, 'constraint_limit_hit': False}",,,,,./benchmarks/cqm_opt/workdir_fam_cqm,./benchmarks/cqm_opt_bqm_from_cqm/workdir_fam_bqm_from_cqm,./benchmarks/cqm_opt_bqm_from_cqm_eval,./benchmarks/cqm_opt/workdir_fam_cqm/4jsz/CQM/4jsz_ligand_cqm_spec.json,./benchmarks/cqm_opt_bqm_from_cqm/workdir_fam_bqm_from_cqm/4jsz/cqm_opt_bqm_lm1_r4_20260126_001426/BQM/4jsz_ligand_samples.json,./benchmarks/cqm_opt_bqm_from_cqm/workdir_fam_bqm_from_cqm/4jsz/cqm_opt_bqm_lm1_r4_20260126_001426/BQM/4jsz_ligand_sampler_meta.json,./benchmarks/cqm_opt_bqm_from_cqm_eval/4jsz/cqm_opt_bqm_lm1_r4_20260126_001426/4jsz_ligand_report.csv,./benchmarks/cqm_opt_bqm_from_cqm_eval/4jsz/cqm_opt_bqm_lm1_r4_20260126_001426/result.json
opt,4jsz,cqm_opt_bqm_lm1_r5_20260126_001540,5,1.5,18.0,1.87,1.0,0.0,1,1,1.0,10,-4.97,-4.97,1,2.401,2.401,0.0,1.0,0.0,1.943711,,,0.162,DWaveHybridSamplerAdapter,,30,QDock FAM CQM-to-BQM hybrid,0bb8a4ef-1a4b-4d05-8674-f4f1705857e4,QDock FAM CQM-to-BQM hybrid,77d2cd2d-462d-41c3-b3d3-13ee2819c7e9,1.943711,,29.985909,29.985909,144,5428,"{'num_vars': 144, 'mono_constraints': 0, 'dist_constraints': 0, 'constraint_limit_hit': False}",,,,,./benchmarks/cqm_opt/workdir_fam_cqm,./benchmarks/cqm_opt_bqm_from_cqm/workdir_fam_bqm_from_cqm,./benchmarks/cqm_opt_bqm_from_cqm_eval,./benchmarks/cqm_opt/workdir_fam_cqm/4jsz/CQM/4jsz_ligand_cqm_spec.json,./benchmarks/cqm_opt_bqm_from_cqm/workdir_fam_bqm_from_cqm/4jsz/cqm_opt_bqm_lm1_r5_20260126_001540/BQM/4jsz_ligand_samples.json,./benchmarks/cqm_opt_bqm_from_cqm/workdir_fam_bqm_from_cqm/4jsz/cqm_opt_bqm_lm1_r5_20260126_001540/BQM/4jsz_ligand_sampler_meta.json,./benchmarks/cqm_opt_bqm_from_cqm_eval/4jsz/cqm_opt_bqm_lm1_r5_20260126_001540/4jsz_ligand_report.csv,./benchmarks/cqm_opt_bqm_from_cqm_eval/4jsz/cqm_opt_bqm_lm1_r5_20260126_001540/result.json
opt,4jsz,cqm_opt_bqm_lm3_r1_20260126_001653,1,1.5,18.0,1.87,3.0,0.0,1,1,1.0,10,-4.97,-4.97,1,2.3578,2.3578,0.0,1.0,0.0,1.540535,,,0.112,DWaveHybridSamplerAdapter,,30,QDock FAM CQM-to-BQM hybrid,457912af-3421-432a-9fce-bb2feabf91bb,QDock FAM CQM-to-BQM hybrid,c70f3555-9a48-40a5-9ef4-6c4dbb2c3995,1.540535,,29.994552,29.994552,144,5428,"{'num_vars': 144, 'mono_constraints': 0, 'dist_constraints': 0, 'constraint_limit_hit': False}",,,,,./benchmarks/cqm_opt/workdir_fam_cqm,./benchmarks/cqm_opt_bqm_from_cqm/workdir_fam_bqm_from_cqm,./benchmarks/cqm_opt_bqm_from_cqm_eval,./benchmarks/cqm_opt/workdir_fam_cqm/4jsz/CQM/4jsz_ligand_cqm_spec.json,./benchmarks/cqm_opt_bqm_from_cqm/workdir_fam_bqm_from_cqm/4jsz/cqm_opt_bqm_lm3_r1_20260126_001653/BQM/4jsz_ligand_samples.json,./benchmarks/cqm_opt_bqm_from_cqm/workdir_fam_bqm_from_cqm/4jsz/cqm_opt_bqm_lm3_r1_20260126_001653/BQM/4jsz_ligand_sampler_meta.json,./benchmarks/cqm_opt_bqm_from_cqm_eval/4jsz/cqm_opt_bqm_lm3_r1_20260126_001653/4jsz_ligand_report.csv,./benchmarks/cqm_opt_bqm_from_cqm_eval/4jsz/cqm_opt_bqm_lm3_r1_20260126_001653/result.json
opt,4jsz,cqm_opt_bqm_lm3_r2_20260126_001808,2,1.5,18.0,1.87,3.0,0.0,1,1,1.0,10,-4.97,-4.97,1,2.401,2.401,0.0,1.0,0.0,1.890423,,,0.11,DWaveHybridSamplerAdapter,,30,QDock FAM CQM-to-BQM hybrid,9ca89190-0313-448f-a840-19bc6e26d31e,QDock FAM CQM-to-BQM hybrid,3a3de165-a652-4e8c-91f2-f20210cc05eb,1.890423,,29.989676,29.989676,144,5428,"{'num_vars': 144, 'mono_constraints': 0, 'dist_constraints': 0, 'constraint_limit_hit': False}",,,,,./benchmarks/cqm_opt/workdir_fam_cqm,./benchmarks/cqm_opt_bqm_from_cqm/workdir_fam_bqm_from_cqm,./benchmarks/cqm_opt_bqm_from_cqm_eval,./benchmarks/cqm_opt/workdir_fam_cqm/4jsz/CQM/4jsz_ligand_cqm_spec.json,./benchmarks/cqm_opt_bqm_from_cqm/workdir_fam_bqm_from_cqm/4jsz/cqm_opt_bqm_lm3_r2_20260126_001808/BQM/4jsz_ligand_samples.json,./benchmarks/cqm_opt_bqm_from_cqm/workdir_fam_bqm_from_cqm/4jsz/cqm_opt_bqm_lm3_r2_20260126_001808/BQM/4jsz_ligand_sampler_meta.json,./benchmarks/cqm_opt_bqm_from_cqm_eval/4jsz/cqm_opt_bqm_lm3_r2_20260126_001808/4jsz_ligand_report.csv,./benchmarks/cqm_opt_bqm_from_cqm_eval/4jsz/cqm_opt_bqm_lm3_r2_20260126_001808/result.json
opt,4jsz,cqm_opt_bqm_lm3_r3_20260126_002021,3,1.5,18.0,1.87,3.0,0.0,1,1,1.0,10,-4.97,-4.97,1,2.401,2.401,0.0,1.0,0.0,0.791948,,,0.11,DWaveHybridSamplerAdapter,,30,QDock FAM CQM-to-BQM hybrid,a3f3ee0c-c588-43d2-8580-fbf3679709bf,QDock FAM CQM-to-BQM hybrid,d02d3b20-2f86-423c-81eb-f1c2fa34325a,0.791948,,29.991809,29.991809,144,5428,"{'num_vars': 144, 'mono_constraints': 0, 'dist_constraints': 0, 'constraint_limit_hit': False}",,,,,./benchmarks/cqm_opt/workdir_fam_cqm,./benchmarks/cqm_opt_bqm_from_cqm/workdir_fam_bqm_from_cqm,./benchmarks/cqm_opt_bqm_from_cqm_eval,./benchmarks/cqm_opt/workdir_fam_cqm/4jsz/CQM/4jsz_ligand_cqm_spec.json,./benchmarks/cqm_opt_bqm_from_cqm/workdir_fam_bqm_from_cqm/4jsz/cqm_opt_bqm_lm3_r3_20260126_002021/BQM/4jsz_ligand_samples.json,./benchmarks/cqm_opt_bqm_from_cqm/workdir_fam_bqm_from_cqm/4jsz/cqm_opt_bqm_lm3_r3_20260126_002021/BQM/4jsz_ligand_sampler_meta.json,./benchmarks/cqm_opt_bqm_from_cqm_eval/4jsz/cqm_opt_bqm_lm3_r3_20260126_002021/4jsz_ligand_report.csv,./benchmarks/cqm_opt_bqm_from_cqm_eval/4jsz/cqm_opt_bqm_lm3_r3_20260126_002021/result.json
opt,4jsz,cqm_opt_bqm_lm3_r4_20260126_002136,4,1.5,18.0,1.87,3.0,0.0,1,1,1.0,10,-4.97,-4.97,1,2.3578,2.3578,0.0,1.0,0.0,1.885234,,,0.11,DWaveHybridSamplerAdapter,,30,QDock FAM CQM-to-BQM hybrid,9a9d6675-bd92-42a0-8775-847b5bad6338,QDock FAM CQM-to-BQM hybrid,2a792bac-d745-4929-bd45-fce6d5ebeb26,1.885234,,29.997186,29.997186,144,5428,"{'num_vars': 144, 'mono_constraints': 0, 'dist_constraints': 0, 'constraint_limit_hit': False}",,,,,./benchmarks/cqm_opt/workdir_fam_cqm,./benchmarks/cqm_opt_bqm_from_cqm/workdir_fam_bqm_from_cqm,./benchmarks/cqm_opt_bqm_from_cqm_eval,./benchmarks/cqm_opt/workdir_fam_cqm/4jsz/CQM/4jsz_ligand_cqm_spec.json,./benchmarks/cqm_opt_bqm_from_cqm/workdir_fam_bqm_from_cqm/4jsz/cqm_opt_bqm_lm3_r4_20260126_002136/BQM/4jsz_ligand_samples.json,./benchmarks/cqm_opt_bqm_from_cqm/workdir_fam_bqm_from_cqm/4jsz/cqm_opt_bqm_lm3_r4_20260126_002136/BQM/4jsz_ligand_sampler_meta.json,./benchmarks/cqm_opt_bqm_from_cqm_eval/4jsz/cqm_opt_bqm_lm3_r4_20260126_002136/4jsz_ligand_report.csv,./benchmarks/cqm_opt_bqm_from_cqm_eval/4jsz/cqm_opt_bqm_lm3_r4_20260126_002136/result.json
opt,4jsz,cqm_opt_bqm_lm3_r5_20260126_002249,5,1.5,18.0,1.87,3.0,0.0,1,1,1.0,10,-4.97,-4.97,1,2.3578,2.3578,0.0,1.0,0.0,1.990135,,,0.11,DWaveHybridSamplerAdapter,,30,QDock FAM CQM-to-BQM hybrid,b829ce7c-9954-4211-8de7-52136f364b45,QDock FAM CQM-to-BQM hybrid,ec6f49f8-cece-4026-a435-69f1f7e93dbf,1.990135,,29.996314,29.996314,144,5428,"{'num_vars': 144, 'mono_constraints': 0, 'dist_constraints': 0, 'constraint_limit_hit': False}",,,,,./benchmarks/cqm_opt/workdir_fam_cqm,./benchmarks/cqm_opt_bqm_from_cqm/workdir_fam_bqm_from_cqm,./benchmarks/cqm_opt_bqm_from_cqm_eval,./benchmarks/cqm_opt/workdir_fam_cqm/4jsz/CQM/4jsz_ligand_cqm_spec.json,./benchmarks/cqm_opt_bqm_from_cqm/workdir_fam_bqm_from_cqm/4jsz/cqm_opt_bqm_lm3_r5_20260126_002249/BQM/4jsz_ligand_samples.json,./benchmarks/cqm_opt_bqm_from_cqm/workdir_fam_bqm_from_cqm/4jsz/cqm_opt_bqm_lm3_r5_20260126_002249/BQM/4jsz_ligand_sampler_meta.json,./benchmarks/cqm_opt_bqm_from_cqm_eval/4jsz/cqm_opt_bqm_lm3_r5_20260126_002249/4jsz_ligand_report.csv,./benchmarks/cqm_opt_bqm_from_cqm_eval/4jsz/cqm_opt_bqm_lm3_r5_20260126_002249/result.json
opt,4jsz,cqm_opt_bqm_lm10_r1_20260126_002403,1,1.5,18.0,1.87,10.0,0.0,1,1,1.0,10,-4.97,-4.97,1,2.3578,2.3578,0.0,1.0,0.0,1.939233,,,0.112,DWaveHybridSamplerAdapter,,30,QDock FAM CQM-to-BQM hybrid,51127bc1-b030-4042-a8a3-b9f9abef166b,QDock FAM CQM-to-BQM hybrid,00dd808f-1588-47c9-8484-e3ffb512bd4a,1.939233,,29.993791,29.993791,144,5428,"{'num_vars': 144, 'mono_constraints': 0, 'dist_constraints': 0, 'constraint_limit_hit': False}",,,,,./benchmarks/cqm_opt/workdir_fam_cqm,./benchmarks/cqm_opt_bqm_from_cqm/workdir_fam_bqm_from_cqm,./benchmarks/cqm_opt_bqm_from_cqm_eval,./benchmarks/cqm_opt/workdir_fam_cqm/4jsz/CQM/4jsz_ligand_cqm_spec.json,./benchmarks/cqm_opt_bqm_from_cqm/workdir_fam_bqm_from_cqm/4jsz/cqm_opt_bqm_lm10_r1_20260126_002403/BQM/4jsz_ligand_samples.json,./benchmarks/cqm_opt_bqm_from_cqm/workdir_fam_bqm_from_cqm/4jsz/cqm_opt_bqm_lm10_r1_20260126_002403/BQM/4jsz_ligand_sampler_meta.json,./benchmarks/cqm_opt_bqm_from_cqm_eval/4jsz/cqm_opt_bqm_lm10_r1_20260126_002403/4jsz_ligand_report.csv,./benchmarks/cqm_opt_bqm_from_cqm_eval/4jsz/cqm_opt_bqm_lm10_r1_20260126_002403/result.json
opt,4jsz,cqm_opt_bqm_lm10_r2_20260126_002516,2,1.5,18.0,1.87,10.0,0.0,1,1,1.0,10,-4.97,-4.97,1,2.3578,2.3578,0.0,1.0,0.0,1.945493,,,0.11,DWaveHybridSamplerAdapter,,30,QDock FAM CQM-to-BQM hybrid,c9fc3ee8-6b8b-48ab-9df8-ee41c4e4d8e8,QDock FAM CQM-to-BQM hybrid,f8d6b563-c8c2-4ed6-8421-89dcd036c475,1.945493,,29.995421,29.995421,144,5428,"{'num_vars': 144, 'mono_constraints': 0, 'dist_constraints': 0, 'constraint_limit_hit': False}",,,,,./benchmarks/cqm_opt/workdir_fam_cqm,./benchmarks/cqm_opt_bqm_from_cqm/workdir_fam_bqm_from_cqm,./benchmarks/cqm_opt_bqm_from_cqm_eval,./benchmarks/cqm_opt/workdir_fam_cqm/4jsz/CQM/4jsz_ligand_cqm_spec.json,./benchmarks/cqm_opt_bqm_from_cqm/workdir_fam_bqm_from_cqm/4jsz/cqm_opt_bqm_lm10_r2_20260126_002516/BQM/4jsz_ligand_samples.json,./benchmarks/cqm_opt_bqm_from_cqm/workdir_fam_bqm_from_cqm/4jsz/cqm_opt_bqm_lm10_r2_20260126_002516/BQM/4jsz_ligand_sampler_meta.json,./benchmarks/cqm_opt_bqm_from_cqm_eval/4jsz/cqm_opt_bqm_lm10_r2_20260126_002516/4jsz_ligand_report.csv,./benchmarks/cqm_opt_bqm_from_cqm_eval/4jsz/cqm_opt_bqm_lm10_r2_20260126_002516/result.json
opt,4jsz,cqm_opt_bqm_lm10_r3_20260126_002630,3,1.5,18.0,1.87,10.0,0.0,1,1,1.0,10,-4.97,-4.97,1,2.401,2.401,0.0,1.0,0.0,1.949975,,,0.114,DWaveHybridSamplerAdapter,,30,QDock FAM CQM-to-BQM hybrid,eaa6054c-a7eb-4404-8e26-eefc7d9fe0a5,QDock FAM CQM-to-BQM hybrid,364c28c5-1136-41e5-8df8-4b2b73a0ef41,1.949975,,29.995298,29.995298,144,5428,"{'num_vars': 144, 'mono_constraints': 0, 'dist_constraints': 0, 'constraint_limit_hit': False}",,,,,./benchmarks/cqm_opt/workdir_fam_cqm,./benchmarks/cqm_opt_bqm_from_cqm/workdir_fam_bqm_from_cqm,./benchmarks/cqm_opt_bqm_from_cqm_eval,./benchmarks/cqm_opt/workdir_fam_cqm/4jsz/CQM/4jsz_ligand_cqm_spec.json,./benchmarks/cqm_opt_bqm_from_cqm/workdir_fam_bqm_from_cqm/4jsz/cqm_opt_bqm_lm10_r3_20260126_002630/BQM/4jsz_ligand_samples.json,./benchmarks/cqm_opt_bqm_from_cqm/workdir_fam_bqm_from_cqm/4jsz/cqm_opt_bqm_lm10_r3_20260126_002630/BQM/4jsz_ligand_sampler_meta.json,./benchmarks/cqm_opt_bqm_from_cqm_eval/4jsz/cqm_opt_bqm_lm10_r3_20260126_002630/4jsz_ligand_report.csv,./benchmarks/cqm_opt_bqm_from_cqm_eval/4jsz/cqm_opt_bqm_lm10_r3_20260126_002630/result.json
opt,4jsz,cqm_opt_bqm_lm10_r4_20260126_002744,4,1.5,18.0,1.87,10.0,0.0,1,1,1.0,10,-4.97,-4.97,1,2.3578,2.3578,0.0,1.0,0.0,1.989933,,,0.136,DWaveHybridSamplerAdapter,,30,QDock FAM CQM-to-BQM hybrid,0f9683fb-e4af-405c-a54f-f1eb4e4cc289,QDock FAM CQM-to-BQM hybrid,93a5b2ec-3d37-4d93-9bc2-75898167c536,1.989933,,29.991403,29.991403,144,5428,"{'num_vars': 144, 'mono_constraints': 0, 'dist_constraints': 0, 'constraint_limit_hit': False}",,,,,./benchmarks/cqm_opt/workdir_fam_cqm,./benchmarks/cqm_opt_bqm_from_cqm/workdir_fam_bqm_from_cqm,./benchmarks/cqm_opt_bqm_from_cqm_eval,./benchmarks/cqm_opt/workdir_fam_cqm/4jsz/CQM/4jsz_ligand_cqm_spec.json,./benchmarks/cqm_opt_bqm_from_cqm/workdir_fam_bqm_from_cqm/4jsz/cqm_opt_bqm_lm10_r4_20260126_002744/BQM/4jsz_ligand_samples.json,./benchmarks/cqm_opt_bqm_from_cqm/workdir_fam_bqm_from_cqm/4jsz/cqm_opt_bqm_lm10_r4_20260126_002744/BQM/4jsz_ligand_sampler_meta.json,./benchmarks/cqm_opt_bqm_from_cqm_eval/4jsz/cqm_opt_bqm_lm10_r4_20260126_002744/4jsz_ligand_report.csv,./benchmarks/cqm_opt_bqm_from_cqm_eval/4jsz/cqm_opt_bqm_lm10_r4_20260126_002744/result.json
opt,4jsz,cqm_opt_bqm_lm10_r5_20260126_002857,5,1.5,18.0,1.87,10.0,0.0,1,1,1.0,10,-4.97,-4.97,1,2.401,2.401,0.0,1.0,0.0,1.891806,,,0.109,DWaveHybridSamplerAdapter,,30,QDock FAM CQM-to-BQM hybrid,4876e230-a462-41c0-97dd-f2ab1c23dfa5,QDock FAM CQM-to-BQM hybrid,eb5c0b5f-956c-47e3-af31-33af0da07f4b,1.891806,,29.991755,29.991755,144,5428,"{'num_vars': 144, 'mono_constraints': 0, 'dist_constraints': 0, 'constraint_limit_hit': False}",,,,,./benchmarks/cqm_opt/workdir_fam_cqm,./benchmarks/cqm_opt_bqm_from_cqm/workdir_fam_bqm_from_cqm,./benchmarks/cqm_opt_bqm_from_cqm_eval,./benchmarks/cqm_opt/workdir_fam_cqm/4jsz/CQM/4jsz_ligand_cqm_spec.json,./benchmarks/cqm_opt_bqm_from_cqm/workdir_fam_bqm_from_cqm/4jsz/cqm_opt_bqm_lm10_r5_20260126_002857/BQM/4jsz_ligand_samples.json,./benchmarks/cqm_opt_bqm_from_cqm/workdir_fam_bqm_from_cqm/4jsz/cqm_opt_bqm_lm10_r5_20260126_002857/BQM/4jsz_ligand_sampler_meta.json,./benchmarks/cqm_opt_bqm_from_cqm_eval/4jsz/cqm_opt_bqm_lm10_r5_20260126_002857/4jsz_ligand_report.csv,./benchmarks/cqm_opt_bqm_from_cqm_eval/4jsz/cqm_opt_bqm_lm10_r5_20260126_002857/result.json
opt,4jsz,cqm_opt_bqm_lm30_r1_20260126_003015,1,1.5,18.0,1.87,30.0,0.0,1,1,1.0,10,-4.97,-4.97,1,2.3578,2.3578,0.0,1.0,0.0,1.943281,,,0.112,DWaveHybridSamplerAdapter,,30,QDock FAM CQM-to-BQM hybrid,a525104f-28e5-484d-8cb6-2b1a471696aa,QDock FAM CQM-to-BQM hybrid,3995a001-b24b-4340-87df-9f180c470e93,1.943281,,29.99071,29.99071,144,5428,"{'num_vars': 144, 'mono_constraints': 0, 'dist_constraints': 0, 'constraint_limit_hit': False}",,,,,./benchmarks/cqm_opt/workdir_fam_cqm,./benchmarks/cqm_opt_bqm_from_cqm/workdir_fam_bqm_from_cqm,./benchmarks/cqm_opt_bqm_from_cqm_eval,./benchmarks/cqm_opt/workdir_fam_cqm/4jsz/CQM/4jsz_ligand_cqm_spec.json,./benchmarks/cqm_opt_bqm_from_cqm/workdir_fam_bqm_from_cqm/4jsz/cqm_opt_bqm_lm30_r1_20260126_003015/BQM/4jsz_ligand_samples.json,./benchmarks/cqm_opt_bqm_from_cqm/workdir_fam_bqm_from_cqm/4jsz/cqm_opt_bqm_lm30_r1_20260126_003015/BQM/4jsz_ligand_sampler_meta.json,./benchmarks/cqm_opt_bqm_from_cqm_eval/4jsz/cqm_opt_bqm_lm30_r1_20260126_003015/4jsz_ligand_report.csv,./benchmarks/cqm_opt_bqm_from_cqm_eval/4jsz/cqm_opt_bqm_lm30_r1_20260126_003015/result.json
opt,4jsz,cqm_opt_bqm_lm30_r2_20260126_003127,2,1.5,18.0,1.87,30.0,0.0,1,1,1.0,10,-4.97,-4.97,1,2.3578,2.3578,0.0,1.0,0.0,1.945404,,,0.11,DWaveHybridSamplerAdapter,,30,QDock FAM CQM-to-BQM hybrid,6217395f-afbd-4c94-8073-c2c2087d3e38,QDock FAM CQM-to-BQM hybrid,33c80797-da80-4fde-87b9-cd8e7cb30902,1.945404,,29.988564,29.988564,144,5428,"{'num_vars': 144, 'mono_constraints': 0, 'dist_constraints': 0, 'constraint_limit_hit': False}",,,,,./benchmarks/cqm_opt/workdir_fam_cqm,./benchmarks/cqm_opt_bqm_from_cqm/workdir_fam_bqm_from_cqm,./benchmarks/cqm_opt_bqm_from_cqm_eval,./benchmarks/cqm_opt/workdir_fam_cqm/4jsz/CQM/4jsz_ligand_cqm_spec.json,./benchmarks/cqm_opt_bqm_from_cqm/workdir_fam_bqm_from_cqm/4jsz/cqm_opt_bqm_lm30_r2_20260126_003127/BQM/4jsz_ligand_samples.json,./benchmarks/cqm_opt_bqm_from_cqm/workdir_fam_bqm_from_cqm/4jsz/cqm_opt_bqm_lm30_r2_20260126_003127/BQM/4jsz_ligand_sampler_meta.json,./benchmarks/cqm_opt_bqm_from_cqm_eval/4jsz/cqm_opt_bqm_lm30_r2_20260126_003127/4jsz_ligand_report.csv,./benchmarks/cqm_opt_bqm_from_cqm_eval/4jsz/cqm_opt_bqm_lm30_r2_20260126_003127/result.json
opt,4jsz,cqm_opt_bqm_lm30_r3_20260126_003240,3,1.5,18.0,1.87,30.0,0.0,1,1,1.0,10,-4.97,-4.97,1,2.3578,2.3578,0.0,1.0,0.0,1.990433,,,0.111,DWaveHybridSamplerAdapter,,30,QDock FAM CQM-to-BQM hybrid,24b7eae7-53dc-47a4-8754-86a468e4f822,QDock FAM CQM-to-BQM hybrid,9d8e3800-a900-4bbe-bedb-bd34d61eb5ca,1.990433,,29.990624,29.990624,144,5428,"{'num_vars': 144, 'mono_constraints': 0, 'dist_constraints': 0, 'constraint_limit_hit': False}",,,,,./benchmarks/cqm_opt/workdir_fam_cqm,./benchmarks/cqm_opt_bqm_from_cqm/workdir_fam_bqm_from_cqm,./benchmarks/cqm_opt_bqm_from_cqm_eval,./benchmarks/cqm_opt/workdir_fam_cqm/4jsz/CQM/4jsz_ligand_cqm_spec.json,./benchmarks/cqm_opt_bqm_from_cqm/workdir_fam_bqm_from_cqm/4jsz/cqm_opt_bqm_lm30_r3_20260126_003240/BQM/4jsz_ligand_samples.json,./benchmarks/cqm_opt_bqm_from_cqm/workdir_fam_bqm_from_cqm/4jsz/cqm_opt_bqm_lm30_r3_20260126_003240/BQM/4jsz_ligand_sampler_meta.json,./benchmarks/cqm_opt_bqm_from_cqm_eval/4jsz/cqm_opt_bqm_lm30_r3_20260126_003240/4jsz_ligand_report.csv,./benchmarks/cqm_opt_bqm_from_cqm_eval/4jsz/cqm_opt_bqm_lm30_r3_20260126_003240/result.json
opt,4jsz,cqm_opt_bqm_lm30_r4_20260126_003354,4,1.5,18.0,1.87,30.0,0.0,1,1,1.0,10,-4.97,-4.97,1,2.3578,2.3578,0.0,1.0,0.0,1.952094,,,0.111,DWaveHybridSamplerAdapter,,30,QDock FAM CQM-to-BQM hybrid,13e575cc-a6f3-427a-836f-9bd590efd753,QDock FAM CQM-to-BQM hybrid,d31f0f5f-4c7c-456a-a4fe-3af8cc716cf6,1.952094,,29.997502,29.997502,144,5428,"{'num_vars': 144, 'mono_constraints': 0, 'dist_constraints': 0, 'constraint_limit_hit': False}",,,,,./benchmarks/cqm_opt/workdir_fam_cqm,./benchmarks/cqm_opt_bqm_from_cqm/workdir_fam_bqm_from_cqm,./benchmarks/cqm_opt_bqm_from_cqm_eval,./benchmarks/cqm_opt/workdir_fam_cqm/4jsz/CQM/4jsz_ligand_cqm_spec.json,./benchmarks/cqm_opt_bqm_from_cqm/workdir_fam_bqm_from_cqm/4jsz/cqm_opt_bqm_lm30_r4_20260126_003354/BQM/4jsz_ligand_samples.json,./benchmarks/cqm_opt_bqm_from_cqm/workdir_fam_bqm_from_cqm/4jsz/cqm_opt_bqm_lm30_r4_20260126_003354/BQM/4jsz_ligand_sampler_meta.json,./benchmarks/cqm_opt_bqm_from_cqm_eval/4jsz/cqm_opt_bqm_lm30_r4_20260126_003354/4jsz_ligand_report.csv,./benchmarks/cqm_opt_bqm_from_cqm_eval/4jsz/cqm_opt_bqm_lm30_r4_20260126_003354/result.json
opt,4jsz,cqm_opt_bqm_lm30_r5_20260126_003506,5,1.5,18.0,1.87,30.0,0.0,1,1,1.0,10,-4.97,-4.97,1,2.401,2.401,0.0,1.0,0.0,2.001657,,,0.114,DWaveHybridSamplerAdapter,,30,QDock FAM CQM-to-BQM hybrid,d16a68b2-f5ba-4190-aada-aa9da0df27df,QDock FAM CQM-to-BQM hybrid,25754143-cb58-4306-8f0c-564aaadf0078,2.001657,,29.998015,29.998015,144,5428,"{'num_vars': 144, 'mono_constraints': 0, 'dist_constraints': 0, 'constraint_limit_hit': False}",,,,,./benchmarks/cqm_opt/workdir_fam_cqm,./benchmarks/cqm_opt_bqm_from_cqm/workdir_fam_bqm_from_cqm,./benchmarks/cqm_opt_bqm_from_cqm_eval,./benchmarks/cqm_opt/workdir_fam_cqm/4jsz/CQM/4jsz_ligand_cqm_spec.json,./benchmarks/cqm_opt_bqm_from_cqm/workdir_fam_bqm_from_cqm/4jsz/cqm_opt_bqm_lm30_r5_20260126_003506/BQM/4jsz_ligand_samples.json,./benchmarks/cqm_opt_bqm_from_cqm/workdir_fam_bqm_from_cqm/4jsz/cqm_opt_bqm_lm30_r5_20260126_003506/BQM/4jsz_ligand_sampler_meta.json,./benchmarks/cqm_opt_bqm_from_cqm_eval/4jsz/cqm_opt_bqm_lm30_r5_20260126_003506/4jsz_ligand_report.csv,./benchmarks/cqm_opt_bqm_from_cqm_eval/4jsz/cqm_opt_bqm_lm30_r5_20260126_003506/result.json
opt,4jsz,cqm_opt_bqm_lm100_r1_20260126_003621,1,1.5,18.0,1.87,100.0,0.0,1,1,1.0,10,-4.97,-4.97,1,2.3578,2.3578,0.0,1.0,0.0,1.987699,,,0.109,DWaveHybridSamplerAdapter,,30,QDock FAM CQM-to-BQM hybrid,7531ee8a-a000-4175-9eba-14bb71a6c0cf,QDock FAM CQM-to-BQM hybrid,c4a828f4-9c63-4769-8be1-421db2aa54b9,1.987699,,29.995902,29.995902,144,5428,"{'num_vars': 144, 'mono_constraints': 0, 'dist_constraints': 0, 'constraint_limit_hit': False}",,,,,./benchmarks/cqm_opt/workdir_fam_cqm,./benchmarks/cqm_opt_bqm_from_cqm/workdir_fam_bqm_from_cqm,./benchmarks/cqm_opt_bqm_from_cqm_eval,./benchmarks/cqm_opt/workdir_fam_cqm/4jsz/CQM/4jsz_ligand_cqm_spec.json,./benchmarks/cqm_opt_bqm_from_cqm/workdir_fam_bqm_from_cqm/4jsz/cqm_opt_bqm_lm100_r1_20260126_003621/BQM/4jsz_ligand_samples.json,./benchmarks/cqm_opt_bqm_from_cqm/workdir_fam_bqm_from_cqm/4jsz/cqm_opt_bqm_lm100_r1_20260126_003621/BQM/4jsz_ligand_sampler_meta.json,./benchmarks/cqm_opt_bqm_from_cqm_eval/4jsz/cqm_opt_bqm_lm100_r1_20260126_003621/4jsz_ligand_report.csv,./benchmarks/cqm_opt_bqm_from_cqm_eval/4jsz/cqm_opt_bqm_lm100_r1_20260126_003621/result.json
opt,4jsz,cqm_opt_bqm_lm100_r2_20260126_003734,2,1.5,18.0,1.87,100.0,0.0,1,1,1.0,10,-4.97,-4.97,1,2.3578,2.3578,0.0,1.0,0.0,1.988058,,,0.111,DWaveHybridSamplerAdapter,,30,QDock FAM CQM-to-BQM hybrid,04068f2d-c42b-4adc-b81e-a9dbf327a456,QDock FAM CQM-to-BQM hybrid,e6ad4fe1-e5cb-48b9-96ae-2481cedc862c,1.988058,,30.000495,30.0,144,5428,"{'num_vars': 144, 'mono_constraints': 0, 'dist_constraints': 0, 'constraint_limit_hit': False}",,,,,./benchmarks/cqm_opt/workdir_fam_cqm,./benchmarks/cqm_opt_bqm_from_cqm/workdir_fam_bqm_from_cqm,./benchmarks/cqm_opt_bqm_from_cqm_eval,./benchmarks/cqm_opt/workdir_fam_cqm/4jsz/CQM/4jsz_ligand_cqm_spec.json,./benchmarks/cqm_opt_bqm_from_cqm/workdir_fam_bqm_from_cqm/4jsz/cqm_opt_bqm_lm100_r2_20260126_003734/BQM/4jsz_ligand_samples.json,./benchmarks/cqm_opt_bqm_from_cqm/workdir_fam_bqm_from_cqm/4jsz/cqm_opt_bqm_lm100_r2_20260126_003734/BQM/4jsz_ligand_sampler_meta.json,./benchmarks/cqm_opt_bqm_from_cqm_eval/4jsz/cqm_opt_bqm_lm100_r2_20260126_003734/4jsz_ligand_report.csv,./benchmarks/cqm_opt_bqm_from_cqm_eval/4jsz/cqm_opt_bqm_lm100_r2_20260126_003734/result.json
opt,4jsz,cqm_opt_bqm_lm100_r3_20260126_003850,3,1.5,18.0,1.87,100.0,0.0,1,1,1.0,10,-4.97,-4.97,1,2.3578,2.3578,0.0,1.0,0.0,1.941344,,,0.112,DWaveHybridSamplerAdapter,,30,QDock FAM CQM-to-BQM hybrid,6760ca4b-ac1e-4490-bafc-a21275d07d68,QDock FAM CQM-to-BQM hybrid,e50709de-5706-4d68-9bbd-8ffcec5aec32,1.941344,,29.988506,29.988506,144,5428,"{'num_vars': 144, 'mono_constraints': 0, 'dist_constraints': 0, 'constraint_limit_hit': False}",,,,,./benchmarks/cqm_opt/workdir_fam_cqm,./benchmarks/cqm_opt_bqm_from_cqm/workdir_fam_bqm_from_cqm,./benchmarks/cqm_opt_bqm_from_cqm_eval,./benchmarks/cqm_opt/workdir_fam_cqm/4jsz/CQM/4jsz_ligand_cqm_spec.json,./benchmarks/cqm_opt_bqm_from_cqm/workdir_fam_bqm_from_cqm/4jsz/cqm_opt_bqm_lm100_r3_20260126_003850/BQM/4jsz_ligand_samples.json,./benchmarks/cqm_opt_bqm_from_cqm/workdir_fam_bqm_from_cqm/4jsz/cqm_opt_bqm_lm100_r3_20260126_003850/BQM/4jsz_ligand_sampler_meta.json,./benchmarks/cqm_opt_bqm_from_cqm_eval/4jsz/cqm_opt_bqm_lm100_r3_20260126_003850/4jsz_ligand_report.csv,./benchmarks/cqm_opt_bqm_from_cqm_eval/4jsz/cqm_opt_bqm_lm100_r3_20260126_003850/result.json
opt,4jsz,cqm_opt_bqm_lm100_r4_20260126_004003,4,1.5,18.0,1.87,100.0,0.0,1,1,1.0,10,-4.97,-4.97,1,2.3578,2.3578,0.0,1.0,0.0,1.925819,,,0.121,DWaveHybridSamplerAdapter,,30,QDock FAM CQM-to-BQM hybrid,7cb45517-ed44-4daa-987d-b575966e71f2,QDock FAM CQM-to-BQM hybrid,4d709ade-7d3b-46b9-8d27-6816d452b427,1.925819,,29.988193,29.988193,144,5428,"{'num_vars': 144, 'mono_constraints': 0, 'dist_constraints': 0, 'constraint_limit_hit': False}",,,,,./benchmarks/cqm_opt/workdir_fam_cqm,./benchmarks/cqm_opt_bqm_from_cqm/workdir_fam_bqm_from_cqm,./benchmarks/cqm_opt_bqm_from_cqm_eval,./benchmarks/cqm_opt/workdir_fam_cqm/4jsz/CQM/4jsz_ligand_cqm_spec.json,./benchmarks/cqm_opt_bqm_from_cqm/workdir_fam_bqm_from_cqm/4jsz/cqm_opt_bqm_lm100_r4_20260126_004003/BQM/4jsz_ligand_samples.json,./benchmarks/cqm_opt_bqm_from_cqm/workdir_fam_bqm_from_cqm/4jsz/cqm_opt_bqm_lm100_r4_20260126_004003/BQM/4jsz_ligand_sampler_meta.json,./benchmarks/cqm_opt_bqm_from_cqm_eval/4jsz/cqm_opt_bqm_lm100_r4_20260126_004003/4jsz_ligand_report.csv,./benchmarks/cqm_opt_bqm_from_cqm_eval/4jsz/cqm_opt_bqm_lm100_r4_20260126_004003/result.json
opt,4jsz,cqm_opt_bqm_lm100_r5_20260126_004119,5,1.5,18.0,1.87,100.0,0.0,1,1,1.0,10,-4.97,-4.97,1,2.401,2.401,0.0,1.0,0.0,1.884538,,,0.113,DWaveHybridSamplerAdapter,,30,QDock FAM CQM-to-BQM hybrid,34f08c28-db66-4fc0-9ce3-7ef3c5a318e4,QDock FAM CQM-to-BQM hybrid,98b215e3-1893-4b42-9868-40f0279cfca5,1.884538,,29.994587,29.994587,144,5428,"{'num_vars': 144, 'mono_constraints': 0, 'dist_constraints': 0, 'constraint_limit_hit': False}",,,,,./benchmarks/cqm_opt/workdir_fam_cqm,./benchmarks/cqm_opt_bqm_from_cqm/workdir_fam_bqm_from_cqm,./benchmarks/cqm_opt_bqm_from_cqm_eval,./benchmarks/cqm_opt/workdir_fam_cqm/4jsz/CQM/4jsz_ligand_cqm_spec.json,./benchmarks/cqm_opt_bqm_from_cqm/workdir_fam_bqm_from_cqm/4jsz/cqm_opt_bqm_lm100_r5_20260126_004119/BQM/4jsz_ligand_samples.json,./benchmarks/cqm_opt_bqm_from_cqm/workdir_fam_bqm_from_cqm/4jsz/cqm_opt_bqm_lm100_r5_20260126_004119/BQM/4jsz_ligand_sampler_meta.json,./benchmarks/cqm_opt_bqm_from_cqm_eval/4jsz/cqm_opt_bqm_lm100_r5_20260126_004119/4jsz_ligand_report.csv,./benchmarks/cqm_opt_bqm_from_cqm_eval/4jsz/cqm_opt_bqm_lm100_r5_20260126_004119/result.json
