ligand,case_name,chain_strength,repeat,run_tag,quality,validity_rate,success_rate,tts_0p99_sec,t_shot_sec,chain_break_fraction_mean,n_reads,n_report_rows,n_valid,n_success_valid,embedding_cached
3nq9,3nq9_Kdist7.500_Kmono19.000,0.5,10,csopt1full_cbftrue_cs0p5_r10_20260408_021003,0.696,0.712,0.9775280898876404,0.0008093200941476494,0.00020926039999999999,0.9022461538461389,1000,712,712,696,True
3nq9,3nq9_Kdist7.500_Kmono19.000,0.5,1,csopt1full_cbftrue_cs0p5_r1_20260408_021003,0.71,0.729,0.9739368998628258,0.0007784956126732164,0.00020926039999999999,0.9025769230769083,1000,729,729,710,True
3nq9,3nq9_Kdist7.500_Kmono19.000,0.5,2,csopt1full_cbftrue_cs0p5_r2_20260408_021003,0.709,0.725,0.9779310344827586,0.0007806665300055146,0.00020926039999999999,0.902199999999985,1000,725,725,709,True
3nq9,3nq9_Kdist7.500_Kmono19.000,0.5,3,csopt1full_cbftrue_cs0p5_r3_20260408_021003,0.699,0.715,0.9776223776223776,0.0008026350368042411,0.00020926039999999999,0.9032307692307545,1000,715,715,699,True
3nq9,3nq9_Kdist7.500_Kmono19.000,0.5,4,csopt1full_cbftrue_cs0p5_r4_20260408_021003,0.74,0.752,0.9840425531914894,0.0007153875785801354,0.00020926039999999999,0.902723076923062,1000,752,752,740,True
3nq9,3nq9_Kdist7.500_Kmono19.000,0.5,5,csopt1full_cbftrue_cs0p5_r5_20260408_021003,0.737,0.753,0.9787516600265604,0.0007215325363716838,0.00020926039999999999,0.9019769230769081,1000,753,753,737,True
3nq9,3nq9_Kdist7.500_Kmono19.000,0.5,6,csopt1full_cbftrue_cs0p5_r6_20260408_021003,0.688,0.7,0.9828571428571429,0.0008273689847748839,0.00020926039999999999,0.9025384615384466,1000,700,700,688,True
3nq9,3nq9_Kdist7.500_Kmono19.000,0.5,7,csopt1full_cbftrue_cs0p5_r7_20260408_021003,0.742,0.766,0.9686684073107049,0.0007113100221773321,0.00020926039999999999,0.9023923076922928,1000,766,766,742,True
3nq9,3nq9_Kdist7.500_Kmono19.000,0.5,8,csopt1full_cbftrue_cs0p5_r8_20260408_021003,0.75,0.767,0.9778357235984355,0.0006951480019073673,0.00020926039999999999,0.9033615384615237,1000,767,767,750,True
3nq9,3nq9_Kdist7.500_Kmono19.000,0.5,9,csopt1full_cbftrue_cs0p5_r9_20260408_021003,0.686,0.703,0.9758179231863442,0.0008319329461516542,0.00020926039999999999,0.9022538461538312,1000,703,703,686,True
3nq9,3nq9_Kdist7.500_Kmono19.000,0.75,10,csopt1full_cbftrue_cs0p75_r10_20260408_021003,0.849,0.874,0.971395881006865,0.0005097542616132173,0.00020926,0.8951538461538302,1000,874,874,849,True
3nq9,3nq9_Kdist7.500_Kmono19.000,0.75,1,csopt1full_cbftrue_cs0p75_r1_20260408_021003,0.828,0.86,0.9627906976744186,0.0005474631440594447,0.00020926,0.895323076923061,1000,860,860,828,True
3nq9,3nq9_Kdist7.500_Kmono19.000,0.75,2,csopt1full_cbftrue_cs0p75_r2_20260408_021003,0.848,0.875,0.9691428571428572,0.0005115403287602041,0.00020926,0.8958923076922918,1000,875,875,848,True
3nq9,3nq9_Kdist7.500_Kmono19.000,0.75,3,csopt1full_cbftrue_cs0p75_r3_20260408_021003,0.847,0.874,0.9691075514874142,0.000513327120331503,0.00020926,0.8951461538461378,1000,874,874,847,True
3nq9,3nq9_Kdist7.500_Kmono19.000,0.75,4,csopt1full_cbftrue_cs0p75_r4_20260408_021003,0.902,0.926,0.9740820734341252,0.00041487987537673724,0.00020926,0.8955230769230609,1000,926,926,902,True
3nq9,3nq9_Kdist7.500_Kmono19.000,0.75,5,csopt1full_cbftrue_cs0p75_r5_20260408_021003,0.886,0.909,0.9746974697469747,0.0004437728267323718,0.00020926,0.8955999999999841,1000,909,909,886,True
3nq9,3nq9_Kdist7.500_Kmono19.000,0.75,6,csopt1full_cbftrue_cs0p75_r6_20260408_021003,0.865,0.893,0.9686450167973124,0.00048124209591964213,0.00020926,0.8959615384615226,1000,893,893,865,True
3nq9,3nq9_Kdist7.500_Kmono19.000,0.75,7,csopt1full_cbftrue_cs0p75_r7_20260408_021003,0.854,0.886,0.963882618510158,0.0005008333994761297,0.00020926,0.8955461538461378,1000,886,886,854,True
3nq9,3nq9_Kdist7.500_Kmono19.000,0.75,8,csopt1full_cbftrue_cs0p75_r8_20260408_021003,0.862,0.891,0.9674523007856342,0.0004865827506145662,0.00020926,0.8953846153845993,1000,891,891,862,True
3nq9,3nq9_Kdist7.500_Kmono19.000,0.75,9,csopt1full_cbftrue_cs0p75_r9_20260408_021003,0.89,0.917,0.9705561613958561,0.0004365917029008689,0.00020926,0.8957076923076763,1000,917,917,890,True
3nq9,3nq9_Kdist7.500_Kmono19.000,1.0,10,csopt1full_cbftrue_cs1p0_r10_20260408_021003,0.876,0.955,0.9172774869109948,0.0004616479273220819,0.00020926,0.8899153846153677,1000,955,955,876,True
3nq9,3nq9_Kdist7.500_Kmono19.000,1.0,1,csopt1full_cbftrue_cs1p0_r1_20260408_021003,0.878,0.956,0.9184100418410042,0.0004580796839406573,0.00020926,0.8903538461538293,1000,956,956,878,True
3nq9,3nq9_Kdist7.500_Kmono19.000,1.0,2,csopt1full_cbftrue_cs1p0_r2_20260408_021003,0.883,0.954,0.9255765199161425,0.0004491453636712149,0.00020926,0.8905692307692139,1000,954,954,883,True
3nq9,3nq9_Kdist7.500_Kmono19.000,1.0,3,csopt1full_cbftrue_cs1p0_r3_20260408_021003,0.872,0.956,0.9121338912133892,0.0004687776361424293,0.00020926,0.8902384615384445,1000,956,956,872,True
3nq9,3nq9_Kdist7.500_Kmono19.000,1.0,4,csopt1full_cbftrue_cs1p0_r4_20260408_021003,0.873,0.97,0.9,0.0004669959134916605,0.00020926,0.8901230769230601,1000,970,970,873,True
3nq9,3nq9_Kdist7.500_Kmono19.000,1.0,5,csopt1full_cbftrue_cs1p0_r5_20260408_021003,0.889,0.965,0.9212435233160622,0.00043838909987388593,0.00020926,0.8904538461538292,1000,965,965,889,True
3nq9,3nq9_Kdist7.500_Kmono19.000,1.0,6,csopt1full_cbftrue_cs1p0_r6_20260408_021003,0.889,0.96,0.9260416666666667,0.00043838909987388593,0.00020926,0.8902153846153678,1000,960,960,889,True
3nq9,3nq9_Kdist7.500_Kmono19.000,1.0,7,csopt1full_cbftrue_cs1p0_r7_20260408_021003,0.889,0.971,0.9155509783728115,0.00043838909987388593,0.00020926,0.8901923076922909,1000,971,971,889,True
3nq9,3nq9_Kdist7.500_Kmono19.000,1.0,8,csopt1full_cbftrue_cs1p0_r8_20260408_021003,0.862,0.957,0.9007314524555904,0.0004865827506145662,0.00020926,0.8905769230769062,1000,957,957,862,True
3nq9,3nq9_Kdist7.500_Kmono19.000,1.0,9,csopt1full_cbftrue_cs1p0_r9_20260408_021003,0.874,0.952,0.9180672268907563,0.0004652137585409449,0.00020926,0.8897538461538291,1000,952,952,874,True
3nq9,3nq9_Kdist7.500_Kmono19.000,1.25,10,csopt1full_cbftrue_cs1p25_r10_20260408_021003,0.787,0.978,0.8047034764826176,0.0006231412895481128,0.0002092572,0.8854999999999826,1000,978,978,787,True
3nq9,3nq9_Kdist7.500_Kmono19.000,1.25,1,csopt1full_cbftrue_cs1p25_r1_20260408_021003,0.785,0.975,0.8051282051282052,0.0006269300654245156,0.0002092572,0.8853384615384443,1000,975,975,785,True
3nq9,3nq9_Kdist7.500_Kmono19.000,1.25,2,csopt1full_cbftrue_cs1p25_r2_20260408_021003,0.747,0.973,0.7677286742034943,0.0007011706966780781,0.0002092572,0.8858153846153672,1000,973,973,747,True
3nq9,3nq9_Kdist7.500_Kmono19.000,1.25,3,csopt1full_cbftrue_cs1p25_r3_20260408_021003,0.782,0.978,0.7995910020449898,0.0006326332220845046,0.0002092572,0.8858153846153672,1000,978,978,782,True
3nq9,3nq9_Kdist7.500_Kmono19.000,1.25,4,csopt1full_cbftrue_cs1p25_r4_20260408_021003,0.783,0.987,0.7933130699088146,0.0006307294694071558,0.0002092572,0.88549230769229,1000,987,987,783,True
3nq9,3nq9_Kdist7.500_Kmono19.000,1.25,5,csopt1full_cbftrue_cs1p25_r5_20260408_021003,0.758,0.98,0.773469387755102,0.0006792029156421788,0.0002092572,0.8852461538461365,1000,980,980,758,True
3nq9,3nq9_Kdist7.500_Kmono19.000,1.25,6,csopt1full_cbftrue_cs1p25_r6_20260408_021003,0.755,0.979,0.7711950970377937,0.0006851525255676214,0.0002092572,0.8849538461538289,1000,979,979,755,True
3nq9,3nq9_Kdist7.500_Kmono19.000,1.25,7,csopt1full_cbftrue_cs1p25_r7_20260408_021003,0.779,0.985,0.7908629441624365,0.0006383609942372566,0.0002092572,0.8856769230769057,1000,985,985,779,True
3nq9,3nq9_Kdist7.500_Kmono19.000,1.25,8,csopt1full_cbftrue_cs1p25_r8_20260408_021003,0.735,0.968,0.7592975206611571,0.0007256374615933746,0.0002092572,0.8851769230769059,1000,968,968,735,True
3nq9,3nq9_Kdist7.500_Kmono19.000,1.25,9,csopt1full_cbftrue_cs1p25_r9_20260408_021003,0.777,0.964,0.8060165975103735,0.0006421935292589553,0.0002092572,0.8857461538461366,1000,964,964,777,True
3nq9,3nq9_Kdist7.500_Kmono19.000,1.5,10,csopt1full_cbftrue_cs1p5_r10_20260408_021003,0.653,0.982,0.664969450101833,0.0009104712550572966,0.00020925839999999998,0.8795846153845992,1000,982,982,653,True
3nq9,3nq9_Kdist7.500_Kmono19.000,1.5,1,csopt1full_cbftrue_cs1p5_r1_20260408_021003,0.686,0.986,0.6957403651115619,0.0008319249949774603,0.00020925839999999998,0.8796846153845997,1000,986,986,686,True
3nq9,3nq9_Kdist7.500_Kmono19.000,1.5,2,csopt1full_cbftrue_cs1p5_r2_20260408_021003,0.681,0.986,0.6906693711967545,0.0008434279359736972,0.00020925839999999998,0.8804615384615225,1000,986,986,681,True
3nq9,3nq9_Kdist7.500_Kmono19.000,1.5,3,csopt1full_cbftrue_cs1p5_r3_20260408_021003,0.67,0.984,0.6808943089430894,0.0008692189341761159,0.00020925839999999998,0.8796307692307526,1000,984,984,670,True
3nq9,3nq9_Kdist7.500_Kmono19.000,1.5,4,csopt1full_cbftrue_cs1p5_r4_20260408_021003,0.681,0.988,0.6892712550607287,0.0008434279359736972,0.00020925839999999998,0.8798153846153689,1000,988,988,681,True
3nq9,3nq9_Kdist7.500_Kmono19.000,1.5,5,csopt1full_cbftrue_cs1p5_r5_20260408_021003,0.665,0.988,0.6730769230769231,0.0008811711214040075,0.00020925839999999998,0.8802230769230608,1000,988,988,665,True
3nq9,3nq9_Kdist7.500_Kmono19.000,1.5,6,csopt1full_cbftrue_cs1p5_r6_20260408_021003,0.669,0.985,0.6791878172588832,0.0008715976662007175,0.00020925839999999998,0.8797692307692145,1000,985,985,669,True
3nq9,3nq9_Kdist7.500_Kmono19.000,1.5,7,csopt1full_cbftrue_cs1p5_r7_20260408_021003,0.676,0.99,0.6828282828282828,0.0008550669800642284,0.00020925839999999998,0.8799384615384457,1000,990,990,676,True
3nq9,3nq9_Kdist7.500_Kmono19.000,1.5,8,csopt1full_cbftrue_cs1p5_r8_20260408_021003,0.672,0.995,0.6753768844221105,0.0008644788028159186,0.00020925839999999998,0.8795076923076768,1000,995,995,672,True
3nq9,3nq9_Kdist7.500_Kmono19.000,1.5,9,csopt1full_cbftrue_cs1p5_r9_20260408_021003,0.646,0.986,0.6551724137931034,0.0009279818782723226,0.00020925839999999998,0.8801923076922913,1000,986,986,646,True
3nq9,3nq9_Kdist7.500_Kmono19.000,2.0,10,csopt1full_cbftrue_cs2p0_r10_20260408_021003,0.648,0.997,0.649949849548646,0.0009229551851782991,0.00020926039999999999,0.8612384615384542,1000,997,997,648,True
3nq9,3nq9_Kdist7.500_Kmono19.000,2.0,1,csopt1full_cbftrue_cs2p0_r1_20260408_021003,0.669,1.0,0.669,0.0008716059965489012,0.00020926039999999999,0.8608076923076854,1000,1000,1000,669,True
3nq9,3nq9_Kdist7.500_Kmono19.000,2.0,2,csopt1full_cbftrue_cs2p0_r2_20260408_021003,0.621,0.999,0.6216216216216216,0.0009932599565524059,0.00020926039999999999,0.8617846153846085,1000,999,999,621,True
3nq9,3nq9_Kdist7.500_Kmono19.000,2.0,3,csopt1full_cbftrue_cs2p0_r3_20260408_021003,0.644,0.999,0.6446446446446447,0.0009330527212319375,0.00020926039999999999,0.8610692307692239,1000,999,999,644,True
3nq9,3nq9_Kdist7.500_Kmono19.000,2.0,4,csopt1full_cbftrue_cs2p0_r4_20260408_021003,0.623,1.0,0.623,0.0009878726663631134,0.00020926039999999999,0.8614461538461465,1000,1000,1000,623,True
3nq9,3nq9_Kdist7.500_Kmono19.000,2.0,5,csopt1full_cbftrue_cs2p0_r5_20260408_021003,0.644,0.998,0.6452905811623246,0.0009330527212319375,0.00020926039999999999,0.8610076923076858,1000,998,998,644,True
3nq9,3nq9_Kdist7.500_Kmono19.000,2.0,6,csopt1full_cbftrue_cs2p0_r6_20260408_021003,0.665,0.999,0.6656656656656657,0.000881179543251077,0.00020926039999999999,0.8610923076923009,1000,999,999,665,True
3nq9,3nq9_Kdist7.500_Kmono19.000,2.0,7,csopt1full_cbftrue_cs2p0_r7_20260408_021003,0.619,1.0,0.619,0.0009986775057156548,0.00020926039999999999,0.8614615384615314,1000,1000,1000,619,True
3nq9,3nq9_Kdist7.500_Kmono19.000,2.0,8,csopt1full_cbftrue_cs2p0_r8_20260408_021003,0.651,0.998,0.6523046092184369,0.000915450737376488,0.00020926039999999999,0.8615999999999936,1000,998,998,651,True
3nq9,3nq9_Kdist7.500_Kmono19.000,2.0,9,csopt1full_cbftrue_cs2p0_r9_20260408_021003,0.622,0.998,0.6232464929859719,0.0009905625496469924,0.00020926039999999999,0.8605384615384546,1000,998,998,622,True
3nq9,3nq9_Kdist7.500_Kmono19.000,2.5,10,csopt1full_cbftrue_cs2p5_r10_20260408_021003,0.667,0.999,0.6676676676676677,0.0008763877003787339,0.00020926200000000002,0.8478076923076845,1000,999,999,667,True
3nq9,3nq9_Kdist7.500_Kmono19.000,2.5,1,csopt1full_cbftrue_cs2p5_r1_20260408_021003,0.715,1.0,0.715,0.0007677154066758564,0.00020926200000000002,0.849461538461531,1000,1000,1000,715,True
3nq9,3nq9_Kdist7.500_Kmono19.000,2.5,2,csopt1full_cbftrue_cs2p5_r2_20260408_021003,0.697,0.998,0.6983967935871743,0.0008070929524947663,0.00020926200000000002,0.8489846153846078,1000,998,998,697,True
3nq9,3nq9_Kdist7.500_Kmono19.000,2.5,3,csopt1full_cbftrue_cs2p5_r3_20260408_021003,0.7,1.0,0.7,0.0008004226673539991,0.00020926200000000002,0.8491076923076847,1000,1000,1000,700,True
3nq9,3nq9_Kdist7.500_Kmono19.000,2.5,4,csopt1full_cbftrue_cs2p5_r4_20260408_021003,0.684,1.0,0.684,0.0008365244739039695,0.00020926200000000002,0.8484769230769154,1000,1000,1000,684,True
3nq9,3nq9_Kdist7.500_Kmono19.000,2.5,5,csopt1full_cbftrue_cs2p5_r5_20260408_021003,0.691,1.0,0.691,0.0008205684892634574,0.00020926200000000002,0.8486846153846076,1000,1000,1000,691,True
3nq9,3nq9_Kdist7.500_Kmono19.000,2.5,6,csopt1full_cbftrue_cs2p5_r6_20260408_021003,0.73,1.0,0.73,0.0007360135946683088,0.00020926200000000002,0.8493846153846077,1000,1000,1000,730,True
3nq9,3nq9_Kdist7.500_Kmono19.000,2.5,7,csopt1full_cbftrue_cs2p5_r7_20260408_021003,0.685,0.999,0.6856856856856857,0.0008342292291803135,0.00020926200000000002,0.8487307692307614,1000,999,999,685,True
3nq9,3nq9_Kdist7.500_Kmono19.000,2.5,8,csopt1full_cbftrue_cs2p5_r8_20260408_021003,0.728,1.0,0.728,0.0007401856795391271,0.00020926200000000002,0.8484846153846077,1000,1000,1000,728,True
3nq9,3nq9_Kdist7.500_Kmono19.000,2.5,9,csopt1full_cbftrue_cs2p5_r9_20260408_021003,0.657,1.0,0.657,0.0009006212704657837,0.00020926200000000002,0.8481153846153769,1000,1000,1000,657,True
3nq9,3nq9_Kdist7.500_Kmono19.000,3.0,10,csopt1full_cbftrue_cs3p0_r10_20260408_021003,0.439,0.999,0.4394394394394394,0.0016671318120266448,0.000209256,0.840069230769222,1000,999,999,439,True
3nq9,3nq9_Kdist7.500_Kmono19.000,3.0,1,csopt1full_cbftrue_cs3p0_r1_20260408_021003,0.438,1.0,0.438,0.0016722841787917887,0.000209256,0.8402538461538375,1000,1000,1000,438,True
3nq9,3nq9_Kdist7.500_Kmono19.000,3.0,2,csopt1full_cbftrue_cs3p0_r2_20260408_021003,0.452,1.0,0.452,0.0016021472122125992,0.000209256,0.8400692307692219,1000,1000,1000,452,True
3nq9,3nq9_Kdist7.500_Kmono19.000,3.0,3,csopt1full_cbftrue_cs3p0_r3_20260408_021003,0.447,1.0,0.447,0.0016267115483232682,0.000209256,0.8401615384615296,1000,1000,1000,447,True
3nq9,3nq9_Kdist7.500_Kmono19.000,3.0,4,csopt1full_cbftrue_cs3p0_r4_20260408_021003,0.453,1.0,0.453,0.001597296780126704,0.000209256,0.840169230769222,1000,1000,1000,453,True
3nq9,3nq9_Kdist7.500_Kmono19.000,3.0,5,csopt1full_cbftrue_cs3p0_r5_20260408_021003,0.453,1.0,0.453,0.001597296780126704,0.000209256,0.8409307692307605,1000,1000,1000,453,True
3nq9,3nq9_Kdist7.500_Kmono19.000,3.0,6,csopt1full_cbftrue_cs3p0_r6_20260408_021003,0.396,1.0,0.396,0.0019113360827370581,0.000209256,0.8401153846153759,1000,1000,1000,396,True
3nq9,3nq9_Kdist7.500_Kmono19.000,3.0,7,csopt1full_cbftrue_cs3p0_r7_20260408_021003,0.452,1.0,0.452,0.0016021472122125992,0.000209256,0.8403461538461451,1000,1000,1000,452,True
3nq9,3nq9_Kdist7.500_Kmono19.000,3.0,8,csopt1full_cbftrue_cs3p0_r8_20260408_021003,0.453,1.0,0.453,0.001597296780126704,0.000209256,0.8403538461538373,1000,1000,1000,453,True
3nq9,3nq9_Kdist7.500_Kmono19.000,3.0,9,csopt1full_cbftrue_cs3p0_r9_20260408_021003,0.42,1.0,0.42,0.0017690681425206595,0.000209256,0.8390615384615295,1000,1000,1000,420,True
3nq9,3nq9_Kdist7.500_Kmono19.000,3.5,10,csopt1full_cbftrue_cs3p5_r10_20260408_021003,0.131,1.0,0.131,0.006863182448776833,0.0002092592,0.8263923076922971,1000,1000,1000,131,True
3nq9,3nq9_Kdist7.500_Kmono19.000,3.5,1,csopt1full_cbftrue_cs3p5_r1_20260408_021003,0.108,1.0,0.108,0.008431896285173225,0.0002092592,0.826738461538451,1000,1000,1000,108,True
3nq9,3nq9_Kdist7.500_Kmono19.000,3.5,2,csopt1full_cbftrue_cs3p5_r2_20260408_021003,0.139,1.0,0.139,0.006439056805986221,0.0002092592,0.8278461538461435,1000,1000,1000,139,True
3nq9,3nq9_Kdist7.500_Kmono19.000,3.5,3,csopt1full_cbftrue_cs3p5_r3_20260408_021003,0.157,1.0,0.157,0.005642506603803314,0.0002092592,0.8272999999999894,1000,1000,1000,157,True
3nq9,3nq9_Kdist7.500_Kmono19.000,3.5,4,csopt1full_cbftrue_cs3p5_r4_20260408_021003,0.135,1.0,0.135,0.00664484812154466,0.0002092592,0.8270769230769126,1000,1000,1000,135,True
3nq9,3nq9_Kdist7.500_Kmono19.000,3.5,5,csopt1full_cbftrue_cs3p5_r5_20260408_021003,0.13,0.999,0.13013013013013014,0.006919861577782644,0.0002092592,0.8272692307692202,1000,999,999,130,True
3nq9,3nq9_Kdist7.500_Kmono19.000,3.5,6,csopt1full_cbftrue_cs3p5_r6_20260408_021003,0.119,1.0,0.119,0.007606093765873957,0.0002092592,0.8268769230769126,1000,1000,1000,119,True
3nq9,3nq9_Kdist7.500_Kmono19.000,3.5,7,csopt1full_cbftrue_cs3p5_r7_20260408_021003,0.134,1.0,0.134,0.006698211912379643,0.0002092592,0.8272461538461435,1000,1000,1000,134,True
3nq9,3nq9_Kdist7.500_Kmono19.000,3.5,8,csopt1full_cbftrue_cs3p5_r8_20260408_021003,0.155,1.0,0.155,0.005721897305825965,0.0002092592,0.8279384615384511,1000,1000,1000,155,True
3nq9,3nq9_Kdist7.500_Kmono19.000,3.5,9,csopt1full_cbftrue_cs3p5_r9_20260408_021003,0.15,1.0,0.15,0.005929612211708009,0.0002092592,0.8273076923076818,1000,1000,1000,150,True
3nq9,3nq9_Kdist7.500_Kmono19.000,4.0,10,csopt1full_cbftrue_cs4p0_r10_20260408_021003,0.011,1.0,0.011,0.08712552155627386,0.0002092628,0.8197307692307578,1000,1000,1000,11,True
3nq9,3nq9_Kdist7.500_Kmono19.000,4.0,1,csopt1full_cbftrue_cs4p0_r1_20260408_021003,0.013,1.0,0.013,0.07364716587824399,0.0002092628,0.8198384615384504,1000,1000,1000,13,True
3nq9,3nq9_Kdist7.500_Kmono19.000,4.0,2,csopt1full_cbftrue_cs4p0_r2_20260408_021003,0.015,1.0,0.015,0.06376299470109614,0.0002092628,0.819653846153835,1000,1000,1000,15,True
3nq9,3nq9_Kdist7.500_Kmono19.000,4.0,3,csopt1full_cbftrue_cs4p0_r3_20260408_021003,0.014,1.0,0.014,0.06835208003509073,0.0002092628,0.8199999999999886,1000,1000,1000,14,True
3nq9,3nq9_Kdist7.500_Kmono19.000,4.0,4,csopt1full_cbftrue_cs4p0_r4_20260408_021003,0.003,1.0,0.003,0.3207481825102237,0.0002092628,0.8204692307692193,1000,1000,1000,3,True
3nq9,3nq9_Kdist7.500_Kmono19.000,4.0,5,csopt1full_cbftrue_cs4p0_r5_20260408_021003,0.01,1.0,0.01,0.09588642823917641,0.0002092628,0.8197307692307582,1000,1000,1000,10,True
3nq9,3nq9_Kdist7.500_Kmono19.000,4.0,6,csopt1full_cbftrue_cs4p0_r6_20260408_021003,0.011,1.0,0.011,0.08712552155627386,0.0002092628,0.8199846153846039,1000,1000,1000,11,True
3nq9,3nq9_Kdist7.500_Kmono19.000,4.0,7,csopt1full_cbftrue_cs4p0_r7_20260408_021003,0.013,1.0,0.013,0.07364716587824399,0.0002092628,0.8191461538461423,1000,1000,1000,13,True
3nq9,3nq9_Kdist7.500_Kmono19.000,4.0,8,csopt1full_cbftrue_cs4p0_r8_20260408_021003,0.009,1.0,0.009,0.1065941849565799,0.0002092628,0.8198615384615273,1000,1000,1000,9,True
3nq9,3nq9_Kdist7.500_Kmono19.000,4.0,9,csopt1full_cbftrue_cs4p0_r9_20260408_021003,0.009,1.0,0.009,0.1065941849565799,0.0002092628,0.8199615384615271,1000,1000,1000,9,True
3nq9,3nq9_Kdist7.500_Kmono19.000,4.5,10,csopt1full_cbftrue_cs4p5_r10_20260408_021003,0.002,1.0,0.002,0.4813633976184422,0.0002092628,0.8040923076922969,1000,1000,1000,2,True
3nq9,3nq9_Kdist7.500_Kmono19.000,4.5,1,csopt1full_cbftrue_cs4p5_r1_20260408_021003,0.001,1.0,0.001,0.9632088818448431,0.0002092628,0.8034461538461429,1000,1000,1000,1,True
3nq9,3nq9_Kdist7.500_Kmono19.000,4.5,2,csopt1full_cbftrue_cs4p5_r2_20260408_021003,0.001,1.0,0.001,0.9632088818448431,0.0002092628,0.8041846153846048,1000,1000,1000,1,True
3nq9,3nq9_Kdist7.500_Kmono19.000,4.5,3,csopt1full_cbftrue_cs4p5_r3_20260408_021003,0.0,1.0,0.0,inf,0.0002092628,0.802723076923066,1000,1000,1000,0,True
3nq9,3nq9_Kdist7.500_Kmono19.000,4.5,4,csopt1full_cbftrue_cs4p5_r4_20260408_021003,0.001,1.0,0.001,0.9632088818448431,0.0002092628,0.8035153846153739,1000,1000,1000,1,True
3nq9,3nq9_Kdist7.500_Kmono19.000,4.5,5,csopt1full_cbftrue_cs4p5_r5_20260408_021003,0.001,1.0,0.001,0.9632088818448431,0.0002092628,0.8028692307692199,1000,1000,1000,1,True
3nq9,3nq9_Kdist7.500_Kmono19.000,4.5,6,csopt1full_cbftrue_cs4p5_r6_20260408_021003,0.002,1.0,0.002,0.4813633976184422,0.0002092628,0.8025999999999892,1000,1000,1000,2,True
3nq9,3nq9_Kdist7.500_Kmono19.000,4.5,7,csopt1full_cbftrue_cs4p5_r7_20260408_021003,0.001,1.0,0.001,0.9632088818448431,0.0002092628,0.8040307692307587,1000,1000,1000,1,True
3nq9,3nq9_Kdist7.500_Kmono19.000,4.5,8,csopt1full_cbftrue_cs4p5_r8_20260408_021003,0.002,1.0,0.002,0.4813633976184422,0.0002092628,0.8041692307692201,1000,1000,1000,2,True
3nq9,3nq9_Kdist7.500_Kmono19.000,4.5,9,csopt1full_cbftrue_cs4p5_r9_20260408_021003,0.0,1.0,0.0,inf,0.0002092628,0.8047076923076814,1000,1000,1000,0,True
3nq9,3nq9_Kdist7.500_Kmono19.000,5.0,10,csopt1full_cbftrue_cs5p0_r10_20260408_021003,0.0,1.0,0.0,inf,0.0002092568,0.787961538461526,1000,1000,1000,0,True
3nq9,3nq9_Kdist7.500_Kmono19.000,5.0,1,csopt1full_cbftrue_cs5p0_r1_20260408_021003,0.001,1.0,0.001,0.9631812646415415,0.0002092568,0.7878538461538336,1000,1000,1000,1,True
3nq9,3nq9_Kdist7.500_Kmono19.000,5.0,2,csopt1full_cbftrue_cs5p0_r2_20260408_021003,0.004,1.0,0.004,0.24043364069039722,0.0002092568,0.7865384615384489,1000,1000,1000,4,True
3nq9,3nq9_Kdist7.500_Kmono19.000,5.0,3,csopt1full_cbftrue_cs5p0_r3_20260408_021003,0.001,1.0,0.001,0.9631812646415415,0.0002092568,0.786792307692295,1000,1000,1000,1,True
3nq9,3nq9_Kdist7.500_Kmono19.000,5.0,4,csopt1full_cbftrue_cs5p0_r4_20260408_021003,0.0,1.0,0.0,inf,0.0002092568,0.7867461538461412,1000,1000,1000,0,True
3nq9,3nq9_Kdist7.500_Kmono19.000,5.0,5,csopt1full_cbftrue_cs5p0_r5_20260408_021003,0.0,1.0,0.0,inf,0.0002092568,0.7871076923076797,1000,1000,1000,0,True
3nq9,3nq9_Kdist7.500_Kmono19.000,5.0,6,csopt1full_cbftrue_cs5p0_r6_20260408_021003,0.001,1.0,0.001,0.9631812646415415,0.0002092568,0.7866615384615258,1000,1000,1000,1,True
3nq9,3nq9_Kdist7.500_Kmono19.000,5.0,7,csopt1full_cbftrue_cs5p0_r7_20260408_021003,0.001,1.0,0.001,0.9631812646415415,0.0002092568,0.7875769230769106,1000,1000,1000,1,True
3nq9,3nq9_Kdist7.500_Kmono19.000,5.0,8,csopt1full_cbftrue_cs5p0_r8_20260408_021003,0.0,1.0,0.0,inf,0.0002092568,0.7875307692307566,1000,1000,1000,0,True
3nq9,3nq9_Kdist7.500_Kmono19.000,5.0,9,csopt1full_cbftrue_cs5p0_r9_20260408_021003,0.002,1.0,0.002,0.4813495959280046,0.0002092568,0.787669230769218,1000,1000,1000,2,True
3nq9,3nq9_Kdist7.500_Kmono19.000,5.5,10,csopt1full_cbftrue_cs5p5_r10_20260408_021003,0.006,1.0,0.006,0.16013188763097955,0.0002092616,0.7787076923076787,1000,1000,1000,6,True
3nq9,3nq9_Kdist7.500_Kmono19.000,5.5,1,csopt1full_cbftrue_cs5p5_r1_20260408_021003,0.006,1.0,0.006,0.16013188763097955,0.0002092616,0.7785307692307557,1000,1000,1000,6,True
3nq9,3nq9_Kdist7.500_Kmono19.000,5.5,2,csopt1full_cbftrue_cs5p5_r2_20260408_021003,0.003,1.0,0.003,0.32074634320663503,0.0002092616,0.778261538461525,1000,1000,1000,3,True
3nq9,3nq9_Kdist7.500_Kmono19.000,5.5,3,csopt1full_cbftrue_cs5p5_r3_20260408_021003,0.012,1.0,0.012,0.07982429463026904,0.0002092616,0.7774615384615248,1000,1000,1000,12,True
3nq9,3nq9_Kdist7.500_Kmono19.000,5.5,4,csopt1full_cbftrue_cs5p5_r4_20260408_021003,0.007,1.0,0.007,0.13718691914643238,0.0002092616,0.7764769230769093,1000,1000,1000,7,True
3nq9,3nq9_Kdist7.500_Kmono19.000,5.5,5,csopt1full_cbftrue_cs5p5_r5_20260408_021003,0.005,1.0,0.005,0.19225481109517395,0.0002092616,0.7775461538461401,1000,1000,1000,5,True
3nq9,3nq9_Kdist7.500_Kmono19.000,5.5,6,csopt1full_cbftrue_cs5p5_r6_20260408_021003,0.008,1.0,0.008,0.11997817249354789,0.0002092616,0.7775999999999864,1000,1000,1000,8,True
3nq9,3nq9_Kdist7.500_Kmono19.000,5.5,7,csopt1full_cbftrue_cs5p5_r7_20260408_021003,0.005,1.0,0.005,0.19225481109517395,0.0002092616,0.7776230769230633,1000,1000,1000,5,True
3nq9,3nq9_Kdist7.500_Kmono19.000,5.5,8,csopt1full_cbftrue_cs5p5_r8_20260408_021003,0.011,1.0,0.011,0.0871250219422676,0.0002092616,0.7778307692307556,1000,1000,1000,11,True
3nq9,3nq9_Kdist7.500_Kmono19.000,5.5,9,csopt1full_cbftrue_cs5p5_r9_20260408_021003,0.003,1.0,0.003,0.32074634320663503,0.0002092616,0.7779999999999864,1000,1000,1000,3,True
3nq9,3nq9_Kdist7.500_Kmono19.000,6.0,10,csopt1full_cbftrue_cs6p0_r10_20260408_021003,0.004,1.0,0.004,0.24043823664409028,0.0002092608,0.7792615384615257,1000,1000,1000,4,True
3nq9,3nq9_Kdist7.500_Kmono19.000,6.0,1,csopt1full_cbftrue_cs6p0_r1_20260408_021003,0.012,1.0,0.012,0.07982398946469778,0.0002092608,0.7816230769230644,1000,1000,1000,12,True
3nq9,3nq9_Kdist7.500_Kmono19.000,6.0,2,csopt1full_cbftrue_cs6p0_r2_20260408_021003,0.004,1.0,0.004,0.24043823664409028,0.0002092608,0.7809769230769106,1000,1000,1000,4,True
3nq9,3nq9_Kdist7.500_Kmono19.000,6.0,3,csopt1full_cbftrue_cs6p0_r3_20260408_021003,0.005,1.0,0.005,0.19225407611155115,0.0002092608,0.7765230769230638,1000,1000,1000,5,True
3nq9,3nq9_Kdist7.500_Kmono19.000,6.0,4,csopt1full_cbftrue_cs6p0_r4_20260408_021003,0.008,1.0,0.008,0.11997771382106333,0.0002092608,0.7761769230769098,1000,1000,1000,8,True
3nq9,3nq9_Kdist7.500_Kmono19.000,6.0,5,csopt1full_cbftrue_cs6p0_r5_20260408_021003,0.006,1.0,0.006,0.16013127545220376,0.0002092608,0.7777923076922947,1000,1000,1000,6,True
3nq9,3nq9_Kdist7.500_Kmono19.000,6.0,6,csopt1full_cbftrue_cs6p0_r6_20260408_021003,0.003,1.0,0.003,0.3207451170042426,0.0002092608,0.7790461538461411,1000,1000,1000,3,True
3nq9,3nq9_Kdist7.500_Kmono19.000,6.0,7,csopt1full_cbftrue_cs6p0_r7_20260408_021003,0.006,1.0,0.006,0.16013127545220376,0.0002092608,0.7793230769230641,1000,1000,1000,6,True
3nq9,3nq9_Kdist7.500_Kmono19.000,6.0,8,csopt1full_cbftrue_cs6p0_r8_20260408_021003,0.007,1.0,0.007,0.13718639468549298,0.0002092608,0.7765461538461407,1000,1000,1000,7,True
3nq9,3nq9_Kdist7.500_Kmono19.000,6.0,9,csopt1full_cbftrue_cs6p0_r9_20260408_021003,0.011,1.0,0.011,0.08712468886626343,0.0002092608,0.777899999999987,1000,1000,1000,11,True
3nq9,3nq9_Kdist7.500_Kmono19.000,7.0,10,csopt1full_cbftrue_cs7p0_r10_20260408_021003,0.001,1.0,0.001,0.9631923115228621,0.0002092592,0.7848461538461404,1000,1000,1000,1,True
3nq9,3nq9_Kdist7.500_Kmono19.000,7.0,1,csopt1full_cbftrue_cs7p0_r1_20260408_021003,0.001,1.0,0.001,0.9631923115228621,0.0002092592,0.7847538461538328,1000,1000,1000,1,True
3nq9,3nq9_Kdist7.500_Kmono19.000,7.0,2,csopt1full_cbftrue_cs7p0_r2_20260408_021003,0.0,1.0,0.0,inf,0.0002092592,0.7847461538461402,1000,1000,1000,0,True
3nq9,3nq9_Kdist7.500_Kmono19.000,7.0,3,csopt1full_cbftrue_cs7p0_r3_20260408_021003,0.001,1.0,0.001,0.9631923115228621,0.0002092592,0.784761538461525,1000,1000,1000,1,True
3nq9,3nq9_Kdist7.500_Kmono19.000,7.0,4,csopt1full_cbftrue_cs7p0_r4_20260408_021003,0.001,1.0,0.001,0.9631923115228621,0.0002092592,0.7850461538461403,1000,1000,1000,1,True
3nq9,3nq9_Kdist7.500_Kmono19.000,7.0,5,csopt1full_cbftrue_cs7p0_r5_20260408_021003,0.0,1.0,0.0,inf,0.0002092592,0.7847538461538327,1000,1000,1000,0,True
3nq9,3nq9_Kdist7.500_Kmono19.000,7.0,6,csopt1full_cbftrue_cs7p0_r6_20260408_021003,0.002,1.0,0.002,0.4813551166041796,0.0002092592,0.7848538461538327,1000,1000,1000,2,True
3nq9,3nq9_Kdist7.500_Kmono19.000,7.0,7,csopt1full_cbftrue_cs7p0_r7_20260408_021003,0.001,1.0,0.001,0.9631923115228621,0.0002092592,0.7845615384615251,1000,1000,1000,1,True
3nq9,3nq9_Kdist7.500_Kmono19.000,7.0,8,csopt1full_cbftrue_cs7p0_r8_20260408_021003,0.001,1.0,0.001,0.9631923115228621,0.0002092592,0.784984615384602,1000,1000,1000,1,True
3nq9,3nq9_Kdist7.500_Kmono19.000,7.0,9,csopt1full_cbftrue_cs7p0_r9_20260408_021003,0.001,1.0,0.001,0.9631923115228621,0.0002092592,0.7847461538461404,1000,1000,1000,1,True
3nq9,3nq9_Kdist7.500_Kmono19.000,8.0,10,csopt1full_cbftrue_cs8p0_r10_20260408_021003,0.0,1.0,0.0,inf,0.0002092572,0.7655538461538308,1000,1000,1000,0,True
3nq9,3nq9_Kdist7.500_Kmono19.000,8.0,1,csopt1full_cbftrue_cs8p0_r1_20260408_021003,0.0,1.0,0.0,inf,0.0002092572,0.7647230769230616,1000,1000,1000,0,True
3nq9,3nq9_Kdist7.500_Kmono19.000,8.0,2,csopt1full_cbftrue_cs8p0_r2_20260408_021003,0.0,1.0,0.0,inf,0.0002092572,0.7660153846153694,1000,1000,1000,0,True
3nq9,3nq9_Kdist7.500_Kmono19.000,8.0,3,csopt1full_cbftrue_cs8p0_r3_20260408_021003,0.0,1.0,0.0,inf,0.0002092572,0.7657230769230616,1000,1000,1000,0,True
3nq9,3nq9_Kdist7.500_Kmono19.000,8.0,4,csopt1full_cbftrue_cs8p0_r4_20260408_021003,0.0,1.0,0.0,inf,0.0002092572,0.7658846153846003,1000,1000,1000,0,True
3nq9,3nq9_Kdist7.500_Kmono19.000,8.0,5,csopt1full_cbftrue_cs8p0_r5_20260408_021003,0.002,1.0,0.002,0.4813505160407004,0.0002092572,0.7661692307692158,1000,1000,1000,2,True
3nq9,3nq9_Kdist7.500_Kmono19.000,8.0,6,csopt1full_cbftrue_cs8p0_r6_20260408_021003,0.001,1.0,0.001,0.9631831057884283,0.0002092572,0.7665769230769078,1000,1000,1000,1,True
3nq9,3nq9_Kdist7.500_Kmono19.000,8.0,7,csopt1full_cbftrue_cs8p0_r7_20260408_021003,0.001,1.0,0.001,0.9631831057884283,0.0002092572,0.766576923076908,1000,1000,1000,1,True
3nq9,3nq9_Kdist7.500_Kmono19.000,8.0,8,csopt1full_cbftrue_cs8p0_r8_20260408_021003,0.0,1.0,0.0,inf,0.0002092572,0.7659153846153695,1000,1000,1000,0,True
3nq9,3nq9_Kdist7.500_Kmono19.000,8.0,9,csopt1full_cbftrue_cs8p0_r9_20260408_021003,0.0,1.0,0.0,inf,0.0002092572,0.7659230769230617,1000,1000,1000,0,True
4jsz,4jsz_Kdist0.500_Kmono1.000,0.5,10,csopt1full_cbftrue_cs0p5_r10_20260408_021003,0.805,1.0,0.805,0.0005987198908608299,0.0002125352,0.6821597222222212,1000,1000,1000,805,True
4jsz,4jsz_Kdist0.500_Kmono1.000,0.5,1,csopt1full_cbftrue_cs0p5_r1_20260408_021003,0.779,1.0,0.779,0.0006483608763875947,0.0002125352,0.6836458333333334,1000,1000,1000,779,True
4jsz,4jsz_Kdist0.500_Kmono1.000,0.5,2,csopt1full_cbftrue_cs0p5_r2_20260408_021003,0.774,1.0,0.774,0.0006581141878350174,0.0002125352,0.6830833333333329,1000,1000,1000,774,True
4jsz,4jsz_Kdist0.500_Kmono1.000,0.5,3,csopt1full_cbftrue_cs0p5_r3_20260408_021003,0.76,1.0,0.76,0.000685831090537803,0.0002125352,0.6831458333333336,1000,1000,1000,760,True
4jsz,4jsz_Kdist0.500_Kmono1.000,0.5,4,csopt1full_cbftrue_cs0p5_r4_20260408_021003,0.75,1.0,0.75,0.0007060266520325046,0.0002125352,0.683076388888889,1000,1000,1000,750,True
4jsz,4jsz_Kdist0.500_Kmono1.000,0.5,5,csopt1full_cbftrue_cs0p5_r5_20260408_021003,0.77,1.0,0.77,0.0006659704495772376,0.0002125352,0.6836180555555559,1000,1000,1000,770,True
4jsz,4jsz_Kdist0.500_Kmono1.000,0.5,6,csopt1full_cbftrue_cs0p5_r6_20260408_021003,0.789,1.0,0.789,0.0006290652112448376,0.0002125352,0.6834583333333332,1000,1000,1000,789,True
4jsz,4jsz_Kdist0.500_Kmono1.000,0.5,7,csopt1full_cbftrue_cs0p5_r7_20260408_021003,0.772,1.0,0.772,0.000662036240425433,0.0002125352,0.6841458333333336,1000,1000,1000,772,True
4jsz,4jsz_Kdist0.500_Kmono1.000,0.5,8,csopt1full_cbftrue_cs0p5_r8_20260408_021003,0.779,1.0,0.779,0.0006483608763875947,0.0002125352,0.6822291666666653,1000,1000,1000,779,True
4jsz,4jsz_Kdist0.500_Kmono1.000,0.5,9,csopt1full_cbftrue_cs0p5_r9_20260408_021003,0.785,1.0,0.785,0.0006367508828418449,0.0002125352,0.6828263888888885,1000,1000,1000,785,True
4jsz,4jsz_Kdist0.500_Kmono1.000,0.75,10,csopt1full_cbftrue_cs0p75_r10_20260408_021003,0.953,1.0,0.953,0.0003201320236890025,0.000212552,0.6320902777777875,1000,1000,1000,953,True
4jsz,4jsz_Kdist0.500_Kmono1.000,0.75,1,csopt1full_cbftrue_cs0p75_r1_20260408_021003,0.937,1.0,0.937,0.000354058763129325,0.000212552,0.6317430555555652,1000,1000,1000,937,True
4jsz,4jsz_Kdist0.500_Kmono1.000,0.75,2,csopt1full_cbftrue_cs0p75_r2_20260408_021003,0.938,1.0,0.938,0.0003520214264038765,0.000212552,0.6315972222222314,1000,1000,1000,938,True
4jsz,4jsz_Kdist0.500_Kmono1.000,0.75,3,csopt1full_cbftrue_cs0p75_r3_20260408_021003,0.908,1.0,0.908,0.0004102480275936338,0.000212552,0.6320486111111212,1000,1000,1000,908,True
4jsz,4jsz_Kdist0.500_Kmono1.000,0.75,4,csopt1full_cbftrue_cs0p75_r4_20260408_021003,0.951,1.0,0.951,0.000324555449497551,0.000212552,0.6326458333333423,1000,1000,1000,951,True
4jsz,4jsz_Kdist0.500_Kmono1.000,0.75,5,csopt1full_cbftrue_cs0p75_r5_20260408_021003,0.951,1.0,0.951,0.000324555449497551,0.000212552,0.6324305555555647,1000,1000,1000,951,True
4jsz,4jsz_Kdist0.500_Kmono1.000,0.75,6,csopt1full_cbftrue_cs0p75_r6_20260408_021003,0.958,1.0,0.958,0.00030877340177501065,0.000212552,0.6315555555555658,1000,1000,1000,958,True
4jsz,4jsz_Kdist0.500_Kmono1.000,0.75,7,csopt1full_cbftrue_cs0p75_r7_20260408_021003,0.99,1.0,0.99,0.000212552,0.000212552,0.6312847222222313,1000,1000,1000,990,True
4jsz,4jsz_Kdist0.500_Kmono1.000,0.75,8,csopt1full_cbftrue_cs0p75_r8_20260408_021003,0.935,1.0,0.935,0.0003581069691743671,0.000212552,0.6316527777777876,1000,1000,1000,935,True
4jsz,4jsz_Kdist0.500_Kmono1.000,0.75,9,csopt1full_cbftrue_cs0p75_r9_20260408_021003,0.948,1.0,0.948,0.00033107874377446184,0.000212552,0.6319236111111207,1000,1000,1000,948,True
4jsz,4jsz_Kdist0.500_Kmono1.000,1.0,10,csopt1full_cbftrue_cs1p0_r10_20260408_021003,0.852,1.0,0.852,0.0005123350433352011,0.000212552,0.5675833333333377,1000,1000,1000,852,True
4jsz,4jsz_Kdist0.500_Kmono1.000,1.0,1,csopt1full_cbftrue_cs1p0_r1_20260408_021003,0.899,1.0,0.899,0.0004269490062420998,0.000212552,0.5684375000000046,1000,1000,1000,899,True
4jsz,4jsz_Kdist0.500_Kmono1.000,1.0,2,csopt1full_cbftrue_cs1p0_r2_20260408_021003,0.888,1.0,0.888,0.0004471098633925145,0.000212552,0.5674166666666721,1000,1000,1000,888,True
4jsz,4jsz_Kdist0.500_Kmono1.000,1.0,3,csopt1full_cbftrue_cs1p0_r3_20260408_021003,0.895,1.0,0.895,0.00043430665357057074,0.000212552,0.5685694444444489,1000,1000,1000,895,True
4jsz,4jsz_Kdist0.500_Kmono1.000,1.0,4,csopt1full_cbftrue_cs1p0_r4_20260408_021003,0.888,1.0,0.888,0.0004471098633925145,0.000212552,0.567381944444449,1000,1000,1000,888,True
4jsz,4jsz_Kdist0.500_Kmono1.000,1.0,5,csopt1full_cbftrue_cs1p0_r5_20260408_021003,0.877,1.0,0.877,0.00046709854691343294,0.000212552,0.5679375000000055,1000,1000,1000,877,True
4jsz,4jsz_Kdist0.500_Kmono1.000,1.0,6,csopt1full_cbftrue_cs1p0_r6_20260408_021003,0.894,1.0,0.894,0.00043614092344515553,0.000212552,0.5675625000000046,1000,1000,1000,894,True
4jsz,4jsz_Kdist0.500_Kmono1.000,1.0,7,csopt1full_cbftrue_cs1p0_r7_20260408_021003,0.882,1.0,0.882,0.00045802796987711667,0.000212552,0.5680069444444488,1000,1000,1000,882,True
4jsz,4jsz_Kdist0.500_Kmono1.000,1.0,8,csopt1full_cbftrue_cs1p0_r8_20260408_021003,0.893,1.0,0.893,0.00043797331038439015,0.000212552,0.5679791666666715,1000,1000,1000,893,True
4jsz,4jsz_Kdist0.500_Kmono1.000,1.0,9,csopt1full_cbftrue_cs1p0_r9_20260408_021003,0.871,1.0,0.871,0.00047796163921493364,0.000212552,0.5673472222222277,1000,1000,1000,871,True
4jsz,4jsz_Kdist0.500_Kmono1.000,1.25,10,csopt1full_cbftrue_cs1p25_r10_20260408_021003,0.0,1.0,0.0,inf,0.00021255120000000002,0.4645972222222219,1000,1000,1000,0,True
4jsz,4jsz_Kdist0.500_Kmono1.000,1.25,1,csopt1full_cbftrue_cs1p25_r1_20260408_021003,0.0,1.0,0.0,inf,0.00021255120000000002,0.46611111111111103,1000,1000,1000,0,True
4jsz,4jsz_Kdist0.500_Kmono1.000,1.25,2,csopt1full_cbftrue_cs1p25_r2_20260408_021003,0.0,1.0,0.0,inf,0.00021255120000000002,0.4655416666666661,1000,1000,1000,0,True
4jsz,4jsz_Kdist0.500_Kmono1.000,1.25,3,csopt1full_cbftrue_cs1p25_r3_20260408_021003,0.0,1.0,0.0,inf,0.00021255120000000002,0.465493055555555,1000,1000,1000,0,True
4jsz,4jsz_Kdist0.500_Kmono1.000,1.25,4,csopt1full_cbftrue_cs1p25_r4_20260408_021003,0.026,1.0,0.026,0.03715591275112319,0.00021255120000000002,0.4863680555555561,1000,1000,1000,26,True
4jsz,4jsz_Kdist0.500_Kmono1.000,1.25,5,csopt1full_cbftrue_cs1p25_r5_20260408_021003,0.0,1.0,0.0,inf,0.00021255120000000002,0.4663124999999999,1000,1000,1000,0,True
4jsz,4jsz_Kdist0.500_Kmono1.000,1.25,6,csopt1full_cbftrue_cs1p25_r6_20260408_021003,0.0,1.0,0.0,inf,0.00021255120000000002,0.46633333333333277,1000,1000,1000,0,True
4jsz,4jsz_Kdist0.500_Kmono1.000,1.25,7,csopt1full_cbftrue_cs1p25_r7_20260408_021003,0.001,1.0,0.001,0.9783449504010251,0.00021255120000000002,0.46595833333333303,1000,1000,1000,1,True
4jsz,4jsz_Kdist0.500_Kmono1.000,1.25,8,csopt1full_cbftrue_cs1p25_r8_20260408_021003,0.0,1.0,0.0,inf,0.00021255120000000002,0.46739583333333323,1000,1000,1000,0,True
4jsz,4jsz_Kdist0.500_Kmono1.000,1.25,9,csopt1full_cbftrue_cs1p25_r9_20260408_021003,0.019,1.0,0.019,0.051026620642639846,0.00021255120000000002,0.48143055555555564,1000,1000,1000,19,True
4jsz,4jsz_Kdist0.500_Kmono1.000,1.5,10,csopt1full_cbftrue_cs1p5_r10_20260408_021003,0.0,1.0,0.0,inf,0.00021255320000000002,0.4027569444444434,1000,1000,1000,0,True
4jsz,4jsz_Kdist0.500_Kmono1.000,1.5,1,csopt1full_cbftrue_cs1p5_r1_20260408_021003,0.0,1.0,0.0,inf,0.00021255320000000002,0.40192361111111025,1000,1000,1000,0,True
4jsz,4jsz_Kdist0.500_Kmono1.000,1.5,2,csopt1full_cbftrue_cs1p5_r2_20260408_021003,0.0,1.0,0.0,inf,0.00021255320000000002,0.4029652777777773,1000,1000,1000,0,True
4jsz,4jsz_Kdist0.500_Kmono1.000,1.5,3,csopt1full_cbftrue_cs1p5_r3_20260408_021003,0.0,1.0,0.0,inf,0.00021255320000000002,0.40327083333333247,1000,1000,1000,0,True
4jsz,4jsz_Kdist0.500_Kmono1.000,1.5,4,csopt1full_cbftrue_cs1p5_r4_20260408_021003,0.0,1.0,0.0,inf,0.00021255320000000002,0.4027291666666662,1000,1000,1000,0,True
4jsz,4jsz_Kdist0.500_Kmono1.000,1.5,5,csopt1full_cbftrue_cs1p5_r5_20260408_021003,0.0,1.0,0.0,inf,0.00021255320000000002,0.40210416666666576,1000,1000,1000,0,True
4jsz,4jsz_Kdist0.500_Kmono1.000,1.5,6,csopt1full_cbftrue_cs1p5_r6_20260408_021003,0.0,1.0,0.0,inf,0.00021255320000000002,0.40335416666666635,1000,1000,1000,0,True
4jsz,4jsz_Kdist0.500_Kmono1.000,1.5,7,csopt1full_cbftrue_cs1p5_r7_20260408_021003,0.0,1.0,0.0,inf,0.00021255320000000002,0.4043263888888889,1000,1000,1000,0,True
4jsz,4jsz_Kdist0.500_Kmono1.000,1.5,8,csopt1full_cbftrue_cs1p5_r8_20260408_021003,0.0,1.0,0.0,inf,0.00021255320000000002,0.4030694444444438,1000,1000,1000,0,True
4jsz,4jsz_Kdist0.500_Kmono1.000,1.5,9,csopt1full_cbftrue_cs1p5_r9_20260408_021003,0.0,1.0,0.0,inf,0.00021255320000000002,0.40239583333333284,1000,1000,1000,0,True
4jsz,4jsz_Kdist0.500_Kmono1.000,2.0,10,csopt1full_cbftrue_cs2p0_r10_20260408_021003,0.027,1.0,0.027,0.03576208359244959,0.0002125548,0.29399305555555477,1000,1000,1000,27,True
4jsz,4jsz_Kdist0.500_Kmono1.000,2.0,1,csopt1full_cbftrue_cs2p0_r1_20260408_021003,0.029,1.0,0.029,0.03326165770451145,0.0002125548,0.29551388888888863,1000,1000,1000,29,True
4jsz,4jsz_Kdist0.500_Kmono1.000,2.0,2,csopt1full_cbftrue_cs2p0_r2_20260408_021003,0.019,1.0,0.019,0.05102748488539318,0.0002125548,0.2937499999999998,1000,1000,1000,19,True
4jsz,4jsz_Kdist0.500_Kmono1.000,2.0,3,csopt1full_cbftrue_cs2p0_r3_20260408_021003,0.015,1.0,0.015,0.06476607684735439,0.0002125548,0.29405555555555524,1000,1000,1000,15,True
4jsz,4jsz_Kdist0.500_Kmono1.000,2.0,4,csopt1full_cbftrue_cs2p0_r4_20260408_021003,0.023,1.0,0.023,0.042067416801166144,0.0002125548,0.29494444444444373,1000,1000,1000,23,True
4jsz,4jsz_Kdist0.500_Kmono1.000,2.0,5,csopt1full_cbftrue_cs2p0_r5_20260408_021003,0.029,1.0,0.029,0.03326165770451145,0.0002125548,0.29451388888888874,1000,1000,1000,29,True
4jsz,4jsz_Kdist0.500_Kmono1.000,2.0,6,csopt1full_cbftrue_cs2p0_r6_20260408_021003,0.017,1.0,0.017,0.057088648091387216,0.0002125548,0.29480555555555493,1000,1000,1000,17,True
4jsz,4jsz_Kdist0.500_Kmono1.000,2.0,7,csopt1full_cbftrue_cs2p0_r7_20260408_021003,0.021,1.0,0.021,0.04612079697462201,0.0002125548,0.296694444444444,1000,1000,1000,21,True
4jsz,4jsz_Kdist0.500_Kmono1.000,2.0,8,csopt1full_cbftrue_cs2p0_r8_20260408_021003,0.022,1.0,0.022,0.0440019884448521,0.0002125548,0.2952499999999999,1000,1000,1000,22,True
4jsz,4jsz_Kdist0.500_Kmono1.000,2.0,9,csopt1full_cbftrue_cs2p0_r9_20260408_021003,0.028,1.0,0.028,0.03446722322628863,0.0002125548,0.2972013888888884,1000,1000,1000,28,True
4jsz,4jsz_Kdist0.500_Kmono1.000,2.5,10,csopt1full_cbftrue_cs2p5_r10_20260408_021003,0.038,1.0,0.038,0.02526684220909675,0.0002125564,0.2207430555555551,1000,1000,1000,38,True
4jsz,4jsz_Kdist0.500_Kmono1.000,2.5,1,csopt1full_cbftrue_cs2p5_r1_20260408_021003,0.022,1.0,0.022,0.04400231966852483,0.0002125564,0.22039583333333268,1000,1000,1000,22,True
4jsz,4jsz_Kdist0.500_Kmono1.000,2.5,2,csopt1full_cbftrue_cs2p5_r2_20260408_021003,0.025,1.0,0.025,0.03866284145643084,0.0002125564,0.2221736111111105,1000,1000,1000,25,True
4jsz,4jsz_Kdist0.500_Kmono1.000,2.5,3,csopt1full_cbftrue_cs2p5_r3_20260408_021003,0.021,1.0,0.021,0.046121144147563575,0.0002125564,0.22124305555555468,1000,1000,1000,21,True
4jsz,4jsz_Kdist0.500_Kmono1.000,2.5,4,csopt1full_cbftrue_cs2p5_r4_20260408_021003,0.014,1.0,0.014,0.06942787760065698,0.0002125564,0.22127083333333264,1000,1000,1000,14,True
4jsz,4jsz_Kdist0.500_Kmono1.000,2.5,5,csopt1full_cbftrue_cs2p5_r5_20260408_021003,0.031,1.0,0.031,0.031084079396628227,0.0002125564,0.22069444444444344,1000,1000,1000,31,True
4jsz,4jsz_Kdist0.500_Kmono1.000,2.5,6,csopt1full_cbftrue_cs2p5_r6_20260408_021003,0.033,1.0,0.033,0.02917020921506407,0.0002125564,0.2212916666666659,1000,1000,1000,33,True
4jsz,4jsz_Kdist0.500_Kmono1.000,2.5,7,csopt1full_cbftrue_cs2p5_r7_20260408_021003,0.035,1.0,0.035,0.027475047446233265,0.0002125564,0.2217499999999993,1000,1000,1000,35,True
4jsz,4jsz_Kdist0.500_Kmono1.000,2.5,8,csopt1full_cbftrue_cs2p5_r8_20260408_021003,0.03,1.0,0.03,0.03213669944014056,0.0002125564,0.22277777777777724,1000,1000,1000,30,True
4jsz,4jsz_Kdist0.500_Kmono1.000,2.5,9,csopt1full_cbftrue_cs2p5_r9_20260408_021003,0.031,1.0,0.031,0.031084079396628227,0.0002125564,0.22153472222222165,1000,1000,1000,31,True
4jsz,4jsz_Kdist0.500_Kmono1.000,3.0,10,csopt1full_cbftrue_cs3p0_r10_20260408_021003,0.055,1.0,0.055,0.017303121402333484,0.00021255320000000002,0.17245833333333405,1000,1000,1000,55,True
4jsz,4jsz_Kdist0.500_Kmono1.000,3.0,1,csopt1full_cbftrue_cs3p0_r1_20260408_021003,0.034,1.0,0.034,0.028297275991087285,0.00021255320000000002,0.1724861111111121,1000,1000,1000,34,True
4jsz,4jsz_Kdist0.500_Kmono1.000,3.0,2,csopt1full_cbftrue_cs3p0_r2_20260408_021003,0.048,1.0,0.048,0.019899142109971426,0.00021255320000000002,0.1715000000000004,1000,1000,1000,48,True
4jsz,4jsz_Kdist0.500_Kmono1.000,3.0,3,csopt1full_cbftrue_cs3p0_r3_20260408_021003,0.034,1.0,0.034,0.028297275991087285,0.00021255320000000002,0.17181250000000073,1000,1000,1000,34,True
4jsz,4jsz_Kdist0.500_Kmono1.000,3.0,4,csopt1full_cbftrue_cs3p0_r4_20260408_021003,0.043,1.0,0.043,0.022270799153425187,0.00021255320000000002,0.17359027777777866,1000,1000,1000,43,True
4jsz,4jsz_Kdist0.500_Kmono1.000,3.0,5,csopt1full_cbftrue_cs3p0_r5_20260408_021003,0.046,1.0,0.046,0.02078594702618185,0.00021255320000000002,0.17106944444444536,1000,1000,1000,46,True
4jsz,4jsz_Kdist0.500_Kmono1.000,3.0,6,csopt1full_cbftrue_cs3p0_r6_20260408_021003,0.05,1.0,0.05,0.01908326753553072,0.00021255320000000002,0.17315277777777865,1000,1000,1000,50,True
4jsz,4jsz_Kdist0.500_Kmono1.000,3.0,7,csopt1full_cbftrue_cs3p0_r7_20260408_021003,0.041,1.0,0.041,0.023381398993484896,0.00021255320000000002,0.1727083333333338,1000,1000,1000,41,True
4jsz,4jsz_Kdist0.500_Kmono1.000,3.0,8,csopt1full_cbftrue_cs3p0_r8_20260408_021003,0.059,1.0,0.059,0.016096188512462667,0.00021255320000000002,0.1719791666666675,1000,1000,1000,59,True
4jsz,4jsz_Kdist0.500_Kmono1.000,3.0,9,csopt1full_cbftrue_cs3p0_r9_20260408_021003,0.053,1.0,0.053,0.017974884675951833,0.00021255320000000002,0.17350694444444506,1000,1000,1000,53,True
4jsz,4jsz_Kdist0.500_Kmono1.000,3.5,10,csopt1full_cbftrue_cs3p5_r10_20260408_021003,0.083,1.0,0.083,0.011296553158678673,0.00021254839999999999,0.13667361111111004,1000,1000,1000,83,True
4jsz,4jsz_Kdist0.500_Kmono1.000,3.5,1,csopt1full_cbftrue_cs3p5_r1_20260408_021003,0.081,1.0,0.081,0.011587916747981016,0.00021254839999999999,0.13862499999999875,1000,1000,1000,81,True
4jsz,4jsz_Kdist0.500_Kmono1.000,3.5,2,csopt1full_cbftrue_cs3p5_r2_20260408_021003,0.072,1.0,0.072,0.013099238521052698,0.00021254839999999999,0.13609027777777666,1000,1000,1000,72,True
4jsz,4jsz_Kdist0.500_Kmono1.000,3.5,3,csopt1full_cbftrue_cs3p5_r3_20260408_021003,0.071,1.0,0.071,0.013290801611625602,0.00021254839999999999,0.1378472222222211,1000,1000,1000,71,True
4jsz,4jsz_Kdist0.500_Kmono1.000,3.5,4,csopt1full_cbftrue_cs3p5_r4_20260408_021003,0.069,1.0,0.069,0.013690577534632415,0.00021254839999999999,0.13929861111110997,1000,1000,1000,69,True
4jsz,4jsz_Kdist0.500_Kmono1.000,3.5,5,csopt1full_cbftrue_cs3p5_r5_20260408_021003,0.082,1.0,0.082,0.011440459477238013,0.00021254839999999999,0.13642361111110995,1000,1000,1000,82,True
4jsz,4jsz_Kdist0.500_Kmono1.000,3.5,6,csopt1full_cbftrue_cs3p5_r6_20260408_021003,0.068,1.0,0.068,0.013899280074007297,0.00021254839999999999,0.13698611111110995,1000,1000,1000,68,True
4jsz,4jsz_Kdist0.500_Kmono1.000,3.5,7,csopt1full_cbftrue_cs3p5_r7_20260408_021003,0.07,1.0,0.07,0.013487835330264557,0.00021254839999999999,0.13664583333333227,1000,1000,1000,70,True
4jsz,4jsz_Kdist0.500_Kmono1.000,3.5,8,csopt1full_cbftrue_cs3p5_r8_20260408_021003,0.087,1.0,0.087,0.010753988403613317,0.00021254839999999999,0.13834722222222126,1000,1000,1000,87,True
4jsz,4jsz_Kdist0.500_Kmono1.000,3.5,9,csopt1full_cbftrue_cs3p5_r9_20260408_021003,0.083,1.0,0.083,0.011296553158678673,0.00021254839999999999,0.13736111111111005,1000,1000,1000,83,True
4jsz,4jsz_Kdist0.500_Kmono1.000,4.0,10,csopt1full_cbftrue_cs4p0_r10_20260408_021003,0.14,1.0,0.14,0.006489922880766309,0.00021255,0.10559027777777842,1000,1000,1000,140,True
4jsz,4jsz_Kdist0.500_Kmono1.000,4.0,1,csopt1full_cbftrue_cs4p0_r1_20260408_021003,0.119,1.0,0.119,0.007725706826445428,0.00021255,0.10700694444444497,1000,1000,1000,119,True
4jsz,4jsz_Kdist0.500_Kmono1.000,4.0,2,csopt1full_cbftrue_cs4p0_r2_20260408_021003,0.118,1.0,0.118,0.007795506517254347,0.00021255,0.1066736111111117,1000,1000,1000,118,True
4jsz,4jsz_Kdist0.500_Kmono1.000,4.0,3,csopt1full_cbftrue_cs4p0_r3_20260408_021003,0.109,1.0,0.109,0.008481255533719853,0.00021255,0.10860416666666724,1000,1000,1000,109,True
4jsz,4jsz_Kdist0.500_Kmono1.000,4.0,4,csopt1full_cbftrue_cs4p0_r4_20260408_021003,0.1,1.0,0.1,0.009290282198415382,0.00021255,0.10853472222222262,1000,1000,1000,100,True
4jsz,4jsz_Kdist0.500_Kmono1.000,4.0,5,csopt1full_cbftrue_cs4p0_r5_20260408_021003,0.085,1.0,0.085,0.011018974999762616,0.00021255,0.10786111111111175,1000,1000,1000,85,True
4jsz,4jsz_Kdist0.500_Kmono1.000,4.0,6,csopt1full_cbftrue_cs4p0_r6_20260408_021003,0.117,1.0,0.117,0.007866497681186376,0.00021255,0.10836111111111171,1000,1000,1000,117,True
4jsz,4jsz_Kdist0.500_Kmono1.000,4.0,7,csopt1full_cbftrue_cs4p0_r7_20260408_021003,0.12,1.0,0.12,0.00765706881912349,0.00021255,0.10740277777777835,1000,1000,1000,120,True
4jsz,4jsz_Kdist0.500_Kmono1.000,4.0,8,csopt1full_cbftrue_cs4p0_r8_20260408_021003,0.094,1.0,0.094,0.009915608324450766,0.00021255,0.10690277777777832,1000,1000,1000,94,True
4jsz,4jsz_Kdist0.500_Kmono1.000,4.0,9,csopt1full_cbftrue_cs4p0_r9_20260408_021003,0.119,1.0,0.119,0.007725706826445428,0.00021255,0.10596527777777845,1000,1000,1000,119,True
4jsz,4jsz_Kdist0.500_Kmono1.000,4.5,10,csopt1full_cbftrue_cs4p5_r10_20260408_021003,0.114,1.0,0.114,0.00808705533776946,0.00021255320000000002,0.07726388888888878,1000,1000,1000,114,True
4jsz,4jsz_Kdist0.500_Kmono1.000,4.5,1,csopt1full_cbftrue_cs4p5_r1_20260408_021003,0.117,1.0,0.117,0.007866616113520322,0.00021255320000000002,0.07724999999999997,1000,1000,1000,117,True
4jsz,4jsz_Kdist0.500_Kmono1.000,4.5,2,csopt1full_cbftrue_cs4p5_r2_20260408_021003,0.113,1.0,0.113,0.008163132664489358,0.00021255320000000002,0.07750694444444436,1000,1000,1000,113,True
4jsz,4jsz_Kdist0.500_Kmono1.000,4.5,3,csopt1full_cbftrue_cs4p5_r3_20260408_021003,0.126,1.0,0.126,0.007268196489456982,0.00021255320000000002,0.08061111111111126,1000,1000,1000,126,True
4jsz,4jsz_Kdist0.500_Kmono1.000,4.5,4,csopt1full_cbftrue_cs4p5_r4_20260408_021003,0.095,1.0,0.095,0.00980605461611593,0.00021255320000000002,0.0790972222222222,1000,1000,1000,95,True
4jsz,4jsz_Kdist0.500_Kmono1.000,4.5,5,csopt1full_cbftrue_cs4p5_r5_20260408_021003,0.117,1.0,0.117,0.007866616113520322,0.00021255320000000002,0.0780902777777777,1000,1000,1000,117,True
4jsz,4jsz_Kdist0.500_Kmono1.000,4.5,6,csopt1full_cbftrue_cs4p5_r6_20260408_021003,0.101,1.0,0.101,0.009193416219188271,0.00021255320000000002,0.0800902777777777,1000,1000,1000,101,True
4jsz,4jsz_Kdist0.500_Kmono1.000,4.5,7,csopt1full_cbftrue_cs4p5_r7_20260408_021003,0.108,1.0,0.108,0.008564624816885863,0.00021255320000000002,0.07804166666666648,1000,1000,1000,108,True
4jsz,4jsz_Kdist0.500_Kmono1.000,4.5,8,csopt1full_cbftrue_cs4p5_r8_20260408_021003,0.107,1.0,0.107,0.008649420519644546,0.00021255320000000002,0.07743055555555546,1000,1000,1000,107,True
4jsz,4jsz_Kdist0.500_Kmono1.000,4.5,9,csopt1full_cbftrue_cs4p5_r9_20260408_021003,0.125,1.0,0.125,0.007330438485942986,0.00021255320000000002,0.08055555555555564,1000,1000,1000,125,True
4jsz,4jsz_Kdist0.500_Kmono1.000,5.0,10,csopt1full_cbftrue_cs5p0_r10_20260408_021003,0.107,1.0,0.107,0.00864938796527032,0.0002125524,0.05218749999999991,1000,1000,1000,107,True
4jsz,4jsz_Kdist0.500_Kmono1.000,5.0,1,csopt1full_cbftrue_cs5p0_r1_20260408_021003,0.096,1.0,0.096,0.009698598626751403,0.0002125524,0.054659722222222165,1000,1000,1000,96,True
4jsz,4jsz_Kdist0.500_Kmono1.000,5.0,2,csopt1full_cbftrue_cs5p0_r2_20260408_021003,0.086,1.0,0.086,0.010885106022008173,0.0002125524,0.05365277777777777,1000,1000,1000,86,True
4jsz,4jsz_Kdist0.500_Kmono1.000,5.0,3,csopt1full_cbftrue_cs5p0_r3_20260408_021003,0.09,1.0,0.09,0.010378887957632608,0.0002125524,0.05384722222222217,1000,1000,1000,90,True
4jsz,4jsz_Kdist0.500_Kmono1.000,5.0,4,csopt1full_cbftrue_cs5p0_r4_20260408_021003,0.098,1.0,0.098,0.009490331326765395,0.0002125524,0.056499999999999884,1000,1000,1000,98,True
4jsz,4jsz_Kdist0.500_Kmono1.000,5.0,5,csopt1full_cbftrue_cs5p0_r5_20260408_021003,0.081,1.0,0.081,0.011588134823802767,0.0002125524,0.057763888888888795,1000,1000,1000,81,True
4jsz,4jsz_Kdist0.500_Kmono1.000,5.0,6,csopt1full_cbftrue_cs5p0_r6_20260408_021003,0.091,1.0,0.091,0.0102592818308054,0.0002125524,0.05687499999999987,1000,1000,1000,91,True
4jsz,4jsz_Kdist0.500_Kmono1.000,5.0,7,csopt1full_cbftrue_cs5p0_r7_20260408_021003,0.094,1.0,0.094,0.009915720286153796,0.0002125524,0.05462499999999995,1000,1000,1000,94,True
4jsz,4jsz_Kdist0.500_Kmono1.000,5.0,8,csopt1full_cbftrue_cs5p0_r8_20260408_021003,0.089,1.0,0.089,0.010501179750536431,0.0002125524,0.054638888888888786,1000,1000,1000,89,True
4jsz,4jsz_Kdist0.500_Kmono1.000,5.0,9,csopt1full_cbftrue_cs5p0_r9_20260408_021003,0.079,1.0,0.079,0.011894247383039683,0.0002125524,0.05429166666666662,1000,1000,1000,79,True
4jsz,4jsz_Kdist0.500_Kmono1.000,5.5,10,csopt1full_cbftrue_cs5p5_r10_20260408_021003,0.081,1.0,0.081,0.011588222054131467,0.000212554,0.03480555555555566,1000,1000,1000,81,True
4jsz,4jsz_Kdist0.500_Kmono1.000,5.5,1,csopt1full_cbftrue_cs5p5_r1_20260408_021003,0.081,1.0,0.081,0.011588222054131467,0.000212554,0.0372986111111112,1000,1000,1000,81,True
4jsz,4jsz_Kdist0.500_Kmono1.000,5.5,2,csopt1full_cbftrue_cs5p5_r2_20260408_021003,0.071,1.0,0.071,0.013291151783581848,0.000212554,0.039437500000000056,1000,1000,1000,71,True
4jsz,4jsz_Kdist0.500_Kmono1.000,5.5,3,csopt1full_cbftrue_cs5p5_r3_20260408_021003,0.102,1.0,0.102,0.00909834481455404,0.000212554,0.037826388888888986,1000,1000,1000,102,True
4jsz,4jsz_Kdist0.500_Kmono1.000,5.5,4,csopt1full_cbftrue_cs5p5_r4_20260408_021003,0.089,1.0,0.089,0.010501258798750426,0.000212554,0.03768055555555566,1000,1000,1000,89,True
4jsz,4jsz_Kdist0.500_Kmono1.000,5.5,5,csopt1full_cbftrue_cs5p5_r5_20260408_021003,0.106,1.0,0.106,0.00873584719647089,0.000212554,0.03837500000000009,1000,1000,1000,106,True
4jsz,4jsz_Kdist0.500_Kmono1.000,5.5,6,csopt1full_cbftrue_cs5p5_r6_20260408_021003,0.097,1.0,0.097,0.009593464629027115,0.000212554,0.039729166666666794,1000,1000,1000,97,True
4jsz,4jsz_Kdist0.500_Kmono1.000,5.5,7,csopt1full_cbftrue_cs5p5_r7_20260408_021003,0.109,1.0,0.109,0.00848141514332764,0.000212554,0.03756944444444453,1000,1000,1000,109,True
4jsz,4jsz_Kdist0.500_Kmono1.000,5.5,8,csopt1full_cbftrue_cs5p5_r8_20260408_021003,0.094,1.0,0.094,0.009915794927289147,0.000212554,0.036750000000000074,1000,1000,1000,94,True
4jsz,4jsz_Kdist0.500_Kmono1.000,5.5,9,csopt1full_cbftrue_cs5p5_r9_20260408_021003,0.091,1.0,0.091,0.010259359058119366,0.000212554,0.03691666666666673,1000,1000,1000,91,True
4jsz,4jsz_Kdist0.500_Kmono1.000,6.0,10,csopt1full_cbftrue_cs6p0_r10_20260408_021003,0.075,1.0,0.075,0.012555326494515191,0.0002125508,0.026993055555555638,1000,1000,1000,75,True
4jsz,4jsz_Kdist0.500_Kmono1.000,6.0,1,csopt1full_cbftrue_cs6p0_r1_20260408_021003,0.093,1.0,0.093,0.010027704539754687,0.0002125508,0.026312500000000075,1000,1000,1000,93,True
4jsz,4jsz_Kdist0.500_Kmono1.000,6.0,2,csopt1full_cbftrue_cs6p0_r2_20260408_021003,0.083,1.0,0.083,0.011296680714226402,0.0002125508,0.027486111111111197,1000,1000,1000,83,True
4jsz,4jsz_Kdist0.500_Kmono1.000,6.0,3,csopt1full_cbftrue_cs6p0_r3_20260408_021003,0.058,1.0,0.058,0.01638213447685246,0.0002125508,0.02771527777777787,1000,1000,1000,58,True
4jsz,4jsz_Kdist0.500_Kmono1.000,6.0,4,csopt1full_cbftrue_cs6p0_r4_20260408_021003,0.074,1.0,0.074,0.012731780839117881,0.0002125508,0.028291666666666746,1000,1000,1000,74,True
4jsz,4jsz_Kdist0.500_Kmono1.000,6.0,5,csopt1full_cbftrue_cs6p0_r5_20260408_021003,0.073,1.0,0.073,0.012913067041010565,0.0002125508,0.02779861111111121,1000,1000,1000,73,True
4jsz,4jsz_Kdist0.500_Kmono1.000,6.0,6,csopt1full_cbftrue_cs6p0_r6_20260408_021003,0.095,1.0,0.095,0.009805943893101273,0.0002125508,0.028055555555555632,1000,1000,1000,95,True
4jsz,4jsz_Kdist0.500_Kmono1.000,6.0,7,csopt1full_cbftrue_cs6p0_r7_20260408_021003,0.07,1.0,0.07,0.013487987628775355,0.0002125508,0.026756944444444538,1000,1000,1000,70,True
4jsz,4jsz_Kdist0.500_Kmono1.000,6.0,8,csopt1full_cbftrue_cs6p0_r8_20260408_021003,0.093,1.0,0.093,0.010027704539754687,0.0002125508,0.026958333333333438,1000,1000,1000,93,True
4jsz,4jsz_Kdist0.500_Kmono1.000,6.0,9,csopt1full_cbftrue_cs6p0_r9_20260408_021003,0.088,1.0,0.088,0.010626168780164067,0.0002125508,0.02674305555555564,1000,1000,1000,88,True
4jsz,4jsz_Kdist0.500_Kmono1.000,7.0,10,csopt1full_cbftrue_cs7p0_r10_20260408_021003,0.057,1.0,0.057,0.01667820446525179,0.00021254960000000002,0.012298611111111237,1000,1000,1000,57,True
4jsz,4jsz_Kdist0.500_Kmono1.000,7.0,1,csopt1full_cbftrue_cs7p0_r1_20260408_021003,0.059,1.0,0.059,0.01609591589234382,0.00021254960000000002,0.0130486111111112,1000,1000,1000,59,True
4jsz,4jsz_Kdist0.500_Kmono1.000,7.0,2,csopt1full_cbftrue_cs7p0_r2_20260408_021003,0.048,1.0,0.048,0.0198988050794699,0.00021254960000000002,0.012986111111111205,1000,1000,1000,48,True
4jsz,4jsz_Kdist0.500_Kmono1.000,7.0,3,csopt1full_cbftrue_cs7p0_r3_20260408_021003,0.066,1.0,0.066,0.014335730808617535,0.00021254960000000002,0.013055555555555654,1000,1000,1000,66,True
4jsz,4jsz_Kdist0.500_Kmono1.000,7.0,4,csopt1full_cbftrue_cs7p0_r4_20260408_021003,0.047,1.0,0.047,0.020332767958202828,0.00021254960000000002,0.013250000000000112,1000,1000,1000,47,True
4jsz,4jsz_Kdist0.500_Kmono1.000,7.0,5,csopt1full_cbftrue_cs7p0_r5_20260408_021003,0.04,1.0,0.04,0.023977933769943977,0.00021254960000000002,0.01302083333333344,1000,1000,1000,40,True
4jsz,4jsz_Kdist0.500_Kmono1.000,7.0,6,csopt1full_cbftrue_cs7p0_r6_20260408_021003,0.061,1.0,0.061,0.015551798456308394,0.00021254960000000002,0.014256944444444563,1000,1000,1000,61,True
4jsz,4jsz_Kdist0.500_Kmono1.000,7.0,7,csopt1full_cbftrue_cs7p0_r7_20260408_021003,0.06,1.0,0.06,0.015819324354203152,0.00021254960000000002,0.01309027777777787,1000,1000,1000,60,True
4jsz,4jsz_Kdist0.500_Kmono1.000,7.0,8,csopt1full_cbftrue_cs7p0_r8_20260408_021003,0.042,1.0,0.042,0.022812493337853634,0.00021254960000000002,0.012986111111111224,1000,1000,1000,42,True
4jsz,4jsz_Kdist0.500_Kmono1.000,7.0,9,csopt1full_cbftrue_cs7p0_r9_20260408_021003,0.066,1.0,0.066,0.014335730808617535,0.00021254960000000002,0.013673611111111213,1000,1000,1000,66,True
4jsz,4jsz_Kdist0.500_Kmono1.000,8.0,10,csopt1full_cbftrue_cs8p0_r10_20260408_021003,0.031,1.0,0.031,0.03108279249160589,0.0002125476,0.0066666666666666975,1000,1000,1000,31,True
4jsz,4jsz_Kdist0.500_Kmono1.000,8.0,1,csopt1full_cbftrue_cs8p0_r1_20260408_021003,0.052,1.0,0.052,0.018329656057723753,0.0002125476,0.005993055555555584,1000,1000,1000,52,True
4jsz,4jsz_Kdist0.500_Kmono1.000,8.0,2,csopt1full_cbftrue_cs8p0_r2_20260408_021003,0.031,1.0,0.031,0.03108279249160589,0.0002125476,0.007069444444444484,1000,1000,1000,31,True
4jsz,4jsz_Kdist0.500_Kmono1.000,8.0,3,csopt1full_cbftrue_cs8p0_r3_20260408_021003,0.028,1.0,0.028,0.03446605569675164,0.0002125476,0.006680555555555589,1000,1000,1000,28,True
4jsz,4jsz_Kdist0.500_Kmono1.000,8.0,4,csopt1full_cbftrue_cs8p0_r4_20260408_021003,0.047,1.0,0.047,0.020332576635631927,0.0002125476,0.007229166666666706,1000,1000,1000,47,True
4jsz,4jsz_Kdist0.500_Kmono1.000,8.0,5,csopt1full_cbftrue_cs8p0_r5_20260408_021003,0.034,1.0,0.034,0.028296530461283213,0.0002125476,0.0066319444444444845,1000,1000,1000,34,True
4jsz,4jsz_Kdist0.500_Kmono1.000,8.0,6,csopt1full_cbftrue_cs8p0_r6_20260408_021003,0.047,1.0,0.047,0.020332576635631927,0.0002125476,0.006541666666666715,1000,1000,1000,47,True
4jsz,4jsz_Kdist0.500_Kmono1.000,8.0,7,csopt1full_cbftrue_cs8p0_r7_20260408_021003,0.042,1.0,0.042,0.022812278682137154,0.0002125476,0.006333333333333364,1000,1000,1000,42,True
4jsz,4jsz_Kdist0.500_Kmono1.000,8.0,8,csopt1full_cbftrue_cs8p0_r8_20260408_021003,0.03,1.0,0.03,0.032135368955831106,0.0002125476,0.0066250000000000345,1000,1000,1000,30,True
4jsz,4jsz_Kdist0.500_Kmono1.000,8.0,9,csopt1full_cbftrue_cs8p0_r9_20260408_021003,0.041,1.0,0.041,0.023380782979073617,0.0002125476,0.006319444444444481,1000,1000,1000,41,True
