chain_strength,repeat,run_tag,status,sample_log,eval_log,hash_ok_3nq9,hash_ok_4jsz,cached_ok_3nq9,cached_ok_4jsz,chain_break_fraction_flag
0.5,1,csopt1full_cbftrue_cs0p5_r1_20260408_021003,ok,./chain_strength_sweep_qpu_fixedemb_v113_opt1_r1to10_fullcs_chainbreak_true/logs/csopt1full_cbftrue_cs0p5_r1_20260408_021003_sample.log,./chain_strength_sweep_qpu_fixedemb_v113_opt1_r1to10_fullcs_chainbreak_true/logs/csopt1full_cbftrue_cs0p5_r1_20260408_021003_eval.log,true,true,true,true,true
0.75,1,csopt1full_cbftrue_cs0p75_r1_20260408_021003,ok,./chain_strength_sweep_qpu_fixedemb_v113_opt1_r1to10_fullcs_chainbreak_true/logs/csopt1full_cbftrue_cs0p75_r1_20260408_021003_sample.log,./chain_strength_sweep_qpu_fixedemb_v113_opt1_r1to10_fullcs_chainbreak_true/logs/csopt1full_cbftrue_cs0p75_r1_20260408_021003_eval.log,true,true,true,true,true
1.0,1,csopt1full_cbftrue_cs1p0_r1_20260408_021003,ok,./chain_strength_sweep_qpu_fixedemb_v113_opt1_r1to10_fullcs_chainbreak_true/logs/csopt1full_cbftrue_cs1p0_r1_20260408_021003_sample.log,./chain_strength_sweep_qpu_fixedemb_v113_opt1_r1to10_fullcs_chainbreak_true/logs/csopt1full_cbftrue_cs1p0_r1_20260408_021003_eval.log,true,true,true,true,true
1.25,1,csopt1full_cbftrue_cs1p25_r1_20260408_021003,ok,./chain_strength_sweep_qpu_fixedemb_v113_opt1_r1to10_fullcs_chainbreak_true/logs/csopt1full_cbftrue_cs1p25_r1_20260408_021003_sample.log,./chain_strength_sweep_qpu_fixedemb_v113_opt1_r1to10_fullcs_chainbreak_true/logs/csopt1full_cbftrue_cs1p25_r1_20260408_021003_eval.log,true,true,true,true,true
1.5,1,csopt1full_cbftrue_cs1p5_r1_20260408_021003,ok,./chain_strength_sweep_qpu_fixedemb_v113_opt1_r1to10_fullcs_chainbreak_true/logs/csopt1full_cbftrue_cs1p5_r1_20260408_021003_sample.log,./chain_strength_sweep_qpu_fixedemb_v113_opt1_r1to10_fullcs_chainbreak_true/logs/csopt1full_cbftrue_cs1p5_r1_20260408_021003_eval.log,true,true,true,true,true
2.0,1,csopt1full_cbftrue_cs2p0_r1_20260408_021003,ok,./chain_strength_sweep_qpu_fixedemb_v113_opt1_r1to10_fullcs_chainbreak_true/logs/csopt1full_cbftrue_cs2p0_r1_20260408_021003_sample.log,./chain_strength_sweep_qpu_fixedemb_v113_opt1_r1to10_fullcs_chainbreak_true/logs/csopt1full_cbftrue_cs2p0_r1_20260408_021003_eval.log,true,true,true,true,true
2.5,1,csopt1full_cbftrue_cs2p5_r1_20260408_021003,ok,./chain_strength_sweep_qpu_fixedemb_v113_opt1_r1to10_fullcs_chainbreak_true/logs/csopt1full_cbftrue_cs2p5_r1_20260408_021003_sample.log,./chain_strength_sweep_qpu_fixedemb_v113_opt1_r1to10_fullcs_chainbreak_true/logs/csopt1full_cbftrue_cs2p5_r1_20260408_021003_eval.log,true,true,true,true,true
3.0,1,csopt1full_cbftrue_cs3p0_r1_20260408_021003,ok,./chain_strength_sweep_qpu_fixedemb_v113_opt1_r1to10_fullcs_chainbreak_true/logs/csopt1full_cbftrue_cs3p0_r1_20260408_021003_sample.log,./chain_strength_sweep_qpu_fixedemb_v113_opt1_r1to10_fullcs_chainbreak_true/logs/csopt1full_cbftrue_cs3p0_r1_20260408_021003_eval.log,true,true,true,true,true
3.5,1,csopt1full_cbftrue_cs3p5_r1_20260408_021003,ok,./chain_strength_sweep_qpu_fixedemb_v113_opt1_r1to10_fullcs_chainbreak_true/logs/csopt1full_cbftrue_cs3p5_r1_20260408_021003_sample.log,./chain_strength_sweep_qpu_fixedemb_v113_opt1_r1to10_fullcs_chainbreak_true/logs/csopt1full_cbftrue_cs3p5_r1_20260408_021003_eval.log,true,true,true,true,true
4.0,1,csopt1full_cbftrue_cs4p0_r1_20260408_021003,ok,./chain_strength_sweep_qpu_fixedemb_v113_opt1_r1to10_fullcs_chainbreak_true/logs/csopt1full_cbftrue_cs4p0_r1_20260408_021003_sample.log,./chain_strength_sweep_qpu_fixedemb_v113_opt1_r1to10_fullcs_chainbreak_true/logs/csopt1full_cbftrue_cs4p0_r1_20260408_021003_eval.log,true,true,true,true,true
4.5,1,csopt1full_cbftrue_cs4p5_r1_20260408_021003,ok,./chain_strength_sweep_qpu_fixedemb_v113_opt1_r1to10_fullcs_chainbreak_true/logs/csopt1full_cbftrue_cs4p5_r1_20260408_021003_sample.log,./chain_strength_sweep_qpu_fixedemb_v113_opt1_r1to10_fullcs_chainbreak_true/logs/csopt1full_cbftrue_cs4p5_r1_20260408_021003_eval.log,true,true,true,true,true
5.0,1,csopt1full_cbftrue_cs5p0_r1_20260408_021003,ok,./chain_strength_sweep_qpu_fixedemb_v113_opt1_r1to10_fullcs_chainbreak_true/logs/csopt1full_cbftrue_cs5p0_r1_20260408_021003_sample.log,./chain_strength_sweep_qpu_fixedemb_v113_opt1_r1to10_fullcs_chainbreak_true/logs/csopt1full_cbftrue_cs5p0_r1_20260408_021003_eval.log,true,true,true,true,true
5.5,1,csopt1full_cbftrue_cs5p5_r1_20260408_021003,ok,./chain_strength_sweep_qpu_fixedemb_v113_opt1_r1to10_fullcs_chainbreak_true/logs/csopt1full_cbftrue_cs5p5_r1_20260408_021003_sample.log,./chain_strength_sweep_qpu_fixedemb_v113_opt1_r1to10_fullcs_chainbreak_true/logs/csopt1full_cbftrue_cs5p5_r1_20260408_021003_eval.log,true,true,true,true,true
6.0,1,csopt1full_cbftrue_cs6p0_r1_20260408_021003,ok,./chain_strength_sweep_qpu_fixedemb_v113_opt1_r1to10_fullcs_chainbreak_true/logs/csopt1full_cbftrue_cs6p0_r1_20260408_021003_sample.log,./chain_strength_sweep_qpu_fixedemb_v113_opt1_r1to10_fullcs_chainbreak_true/logs/csopt1full_cbftrue_cs6p0_r1_20260408_021003_eval.log,true,true,true,true,true
7.0,1,csopt1full_cbftrue_cs7p0_r1_20260408_021003,ok,./chain_strength_sweep_qpu_fixedemb_v113_opt1_r1to10_fullcs_chainbreak_true/logs/csopt1full_cbftrue_cs7p0_r1_20260408_021003_sample.log,./chain_strength_sweep_qpu_fixedemb_v113_opt1_r1to10_fullcs_chainbreak_true/logs/csopt1full_cbftrue_cs7p0_r1_20260408_021003_eval.log,true,true,true,true,true
8.0,1,csopt1full_cbftrue_cs8p0_r1_20260408_021003,ok,./chain_strength_sweep_qpu_fixedemb_v113_opt1_r1to10_fullcs_chainbreak_true/logs/csopt1full_cbftrue_cs8p0_r1_20260408_021003_sample.log,./chain_strength_sweep_qpu_fixedemb_v113_opt1_r1to10_fullcs_chainbreak_true/logs/csopt1full_cbftrue_cs8p0_r1_20260408_021003_eval.log,true,true,true,true,true
0.5,2,csopt1full_cbftrue_cs0p5_r2_20260408_021003,ok,./chain_strength_sweep_qpu_fixedemb_v113_opt1_r1to10_fullcs_chainbreak_true/logs/csopt1full_cbftrue_cs0p5_r2_20260408_021003_sample.log,./chain_strength_sweep_qpu_fixedemb_v113_opt1_r1to10_fullcs_chainbreak_true/logs/csopt1full_cbftrue_cs0p5_r2_20260408_021003_eval.log,true,true,true,true,true
0.75,2,csopt1full_cbftrue_cs0p75_r2_20260408_021003,ok,./chain_strength_sweep_qpu_fixedemb_v113_opt1_r1to10_fullcs_chainbreak_true/logs/csopt1full_cbftrue_cs0p75_r2_20260408_021003_sample.log,./chain_strength_sweep_qpu_fixedemb_v113_opt1_r1to10_fullcs_chainbreak_true/logs/csopt1full_cbftrue_cs0p75_r2_20260408_021003_eval.log,true,true,true,true,true
1.0,2,csopt1full_cbftrue_cs1p0_r2_20260408_021003,ok,./chain_strength_sweep_qpu_fixedemb_v113_opt1_r1to10_fullcs_chainbreak_true/logs/csopt1full_cbftrue_cs1p0_r2_20260408_021003_sample.log,./chain_strength_sweep_qpu_fixedemb_v113_opt1_r1to10_fullcs_chainbreak_true/logs/csopt1full_cbftrue_cs1p0_r2_20260408_021003_eval.log,true,true,true,true,true
1.25,2,csopt1full_cbftrue_cs1p25_r2_20260408_021003,ok,./chain_strength_sweep_qpu_fixedemb_v113_opt1_r1to10_fullcs_chainbreak_true/logs/csopt1full_cbftrue_cs1p25_r2_20260408_021003_sample.log,./chain_strength_sweep_qpu_fixedemb_v113_opt1_r1to10_fullcs_chainbreak_true/logs/csopt1full_cbftrue_cs1p25_r2_20260408_021003_eval.log,true,true,true,true,true
1.5,2,csopt1full_cbftrue_cs1p5_r2_20260408_021003,ok,./chain_strength_sweep_qpu_fixedemb_v113_opt1_r1to10_fullcs_chainbreak_true/logs/csopt1full_cbftrue_cs1p5_r2_20260408_021003_sample.log,./chain_strength_sweep_qpu_fixedemb_v113_opt1_r1to10_fullcs_chainbreak_true/logs/csopt1full_cbftrue_cs1p5_r2_20260408_021003_eval.log,true,true,true,true,true
2.0,2,csopt1full_cbftrue_cs2p0_r2_20260408_021003,ok,./chain_strength_sweep_qpu_fixedemb_v113_opt1_r1to10_fullcs_chainbreak_true/logs/csopt1full_cbftrue_cs2p0_r2_20260408_021003_sample.log,./chain_strength_sweep_qpu_fixedemb_v113_opt1_r1to10_fullcs_chainbreak_true/logs/csopt1full_cbftrue_cs2p0_r2_20260408_021003_eval.log,true,true,true,true,true
2.5,2,csopt1full_cbftrue_cs2p5_r2_20260408_021003,ok,./chain_strength_sweep_qpu_fixedemb_v113_opt1_r1to10_fullcs_chainbreak_true/logs/csopt1full_cbftrue_cs2p5_r2_20260408_021003_sample.log,./chain_strength_sweep_qpu_fixedemb_v113_opt1_r1to10_fullcs_chainbreak_true/logs/csopt1full_cbftrue_cs2p5_r2_20260408_021003_eval.log,true,true,true,true,true
3.0,2,csopt1full_cbftrue_cs3p0_r2_20260408_021003,ok,./chain_strength_sweep_qpu_fixedemb_v113_opt1_r1to10_fullcs_chainbreak_true/logs/csopt1full_cbftrue_cs3p0_r2_20260408_021003_sample.log,./chain_strength_sweep_qpu_fixedemb_v113_opt1_r1to10_fullcs_chainbreak_true/logs/csopt1full_cbftrue_cs3p0_r2_20260408_021003_eval.log,true,true,true,true,true
3.5,2,csopt1full_cbftrue_cs3p5_r2_20260408_021003,ok,./chain_strength_sweep_qpu_fixedemb_v113_opt1_r1to10_fullcs_chainbreak_true/logs/csopt1full_cbftrue_cs3p5_r2_20260408_021003_sample.log,./chain_strength_sweep_qpu_fixedemb_v113_opt1_r1to10_fullcs_chainbreak_true/logs/csopt1full_cbftrue_cs3p5_r2_20260408_021003_eval.log,true,true,true,true,true
4.0,2,csopt1full_cbftrue_cs4p0_r2_20260408_021003,ok,./chain_strength_sweep_qpu_fixedemb_v113_opt1_r1to10_fullcs_chainbreak_true/logs/csopt1full_cbftrue_cs4p0_r2_20260408_021003_sample.log,./chain_strength_sweep_qpu_fixedemb_v113_opt1_r1to10_fullcs_chainbreak_true/logs/csopt1full_cbftrue_cs4p0_r2_20260408_021003_eval.log,true,true,true,true,true
4.5,2,csopt1full_cbftrue_cs4p5_r2_20260408_021003,ok,./chain_strength_sweep_qpu_fixedemb_v113_opt1_r1to10_fullcs_chainbreak_true/logs/csopt1full_cbftrue_cs4p5_r2_20260408_021003_sample.log,./chain_strength_sweep_qpu_fixedemb_v113_opt1_r1to10_fullcs_chainbreak_true/logs/csopt1full_cbftrue_cs4p5_r2_20260408_021003_eval.log,true,true,true,true,true
5.0,2,csopt1full_cbftrue_cs5p0_r2_20260408_021003,ok,./chain_strength_sweep_qpu_fixedemb_v113_opt1_r1to10_fullcs_chainbreak_true/logs/csopt1full_cbftrue_cs5p0_r2_20260408_021003_sample.log,./chain_strength_sweep_qpu_fixedemb_v113_opt1_r1to10_fullcs_chainbreak_true/logs/csopt1full_cbftrue_cs5p0_r2_20260408_021003_eval.log,true,true,true,true,true
5.5,2,csopt1full_cbftrue_cs5p5_r2_20260408_021003,ok,./chain_strength_sweep_qpu_fixedemb_v113_opt1_r1to10_fullcs_chainbreak_true/logs/csopt1full_cbftrue_cs5p5_r2_20260408_021003_sample.log,./chain_strength_sweep_qpu_fixedemb_v113_opt1_r1to10_fullcs_chainbreak_true/logs/csopt1full_cbftrue_cs5p5_r2_20260408_021003_eval.log,true,true,true,true,true
6.0,2,csopt1full_cbftrue_cs6p0_r2_20260408_021003,ok,./chain_strength_sweep_qpu_fixedemb_v113_opt1_r1to10_fullcs_chainbreak_true/logs/csopt1full_cbftrue_cs6p0_r2_20260408_021003_sample.log,./chain_strength_sweep_qpu_fixedemb_v113_opt1_r1to10_fullcs_chainbreak_true/logs/csopt1full_cbftrue_cs6p0_r2_20260408_021003_eval.log,true,true,true,true,true
7.0,2,csopt1full_cbftrue_cs7p0_r2_20260408_021003,ok,./chain_strength_sweep_qpu_fixedemb_v113_opt1_r1to10_fullcs_chainbreak_true/logs/csopt1full_cbftrue_cs7p0_r2_20260408_021003_sample.log,./chain_strength_sweep_qpu_fixedemb_v113_opt1_r1to10_fullcs_chainbreak_true/logs/csopt1full_cbftrue_cs7p0_r2_20260408_021003_eval.log,true,true,true,true,true
8.0,2,csopt1full_cbftrue_cs8p0_r2_20260408_021003,ok,./chain_strength_sweep_qpu_fixedemb_v113_opt1_r1to10_fullcs_chainbreak_true/logs/csopt1full_cbftrue_cs8p0_r2_20260408_021003_sample.log,./chain_strength_sweep_qpu_fixedemb_v113_opt1_r1to10_fullcs_chainbreak_true/logs/csopt1full_cbftrue_cs8p0_r2_20260408_021003_eval.log,true,true,true,true,true
0.5,3,csopt1full_cbftrue_cs0p5_r3_20260408_021003,ok,./chain_strength_sweep_qpu_fixedemb_v113_opt1_r1to10_fullcs_chainbreak_true/logs/csopt1full_cbftrue_cs0p5_r3_20260408_021003_sample.log,./chain_strength_sweep_qpu_fixedemb_v113_opt1_r1to10_fullcs_chainbreak_true/logs/csopt1full_cbftrue_cs0p5_r3_20260408_021003_eval.log,true,true,true,true,true
0.75,3,csopt1full_cbftrue_cs0p75_r3_20260408_021003,ok,./chain_strength_sweep_qpu_fixedemb_v113_opt1_r1to10_fullcs_chainbreak_true/logs/csopt1full_cbftrue_cs0p75_r3_20260408_021003_sample.log,./chain_strength_sweep_qpu_fixedemb_v113_opt1_r1to10_fullcs_chainbreak_true/logs/csopt1full_cbftrue_cs0p75_r3_20260408_021003_eval.log,true,true,true,true,true
1.0,3,csopt1full_cbftrue_cs1p0_r3_20260408_021003,ok,./chain_strength_sweep_qpu_fixedemb_v113_opt1_r1to10_fullcs_chainbreak_true/logs/csopt1full_cbftrue_cs1p0_r3_20260408_021003_sample.log,./chain_strength_sweep_qpu_fixedemb_v113_opt1_r1to10_fullcs_chainbreak_true/logs/csopt1full_cbftrue_cs1p0_r3_20260408_021003_eval.log,true,true,true,true,true
1.25,3,csopt1full_cbftrue_cs1p25_r3_20260408_021003,ok,./chain_strength_sweep_qpu_fixedemb_v113_opt1_r1to10_fullcs_chainbreak_true/logs/csopt1full_cbftrue_cs1p25_r3_20260408_021003_sample.log,./chain_strength_sweep_qpu_fixedemb_v113_opt1_r1to10_fullcs_chainbreak_true/logs/csopt1full_cbftrue_cs1p25_r3_20260408_021003_eval.log,true,true,true,true,true
1.5,3,csopt1full_cbftrue_cs1p5_r3_20260408_021003,ok,./chain_strength_sweep_qpu_fixedemb_v113_opt1_r1to10_fullcs_chainbreak_true/logs/csopt1full_cbftrue_cs1p5_r3_20260408_021003_sample.log,./chain_strength_sweep_qpu_fixedemb_v113_opt1_r1to10_fullcs_chainbreak_true/logs/csopt1full_cbftrue_cs1p5_r3_20260408_021003_eval.log,true,true,true,true,true
2.0,3,csopt1full_cbftrue_cs2p0_r3_20260408_021003,ok,./chain_strength_sweep_qpu_fixedemb_v113_opt1_r1to10_fullcs_chainbreak_true/logs/csopt1full_cbftrue_cs2p0_r3_20260408_021003_sample.log,./chain_strength_sweep_qpu_fixedemb_v113_opt1_r1to10_fullcs_chainbreak_true/logs/csopt1full_cbftrue_cs2p0_r3_20260408_021003_eval.log,true,true,true,true,true
2.5,3,csopt1full_cbftrue_cs2p5_r3_20260408_021003,ok,./chain_strength_sweep_qpu_fixedemb_v113_opt1_r1to10_fullcs_chainbreak_true/logs/csopt1full_cbftrue_cs2p5_r3_20260408_021003_sample.log,./chain_strength_sweep_qpu_fixedemb_v113_opt1_r1to10_fullcs_chainbreak_true/logs/csopt1full_cbftrue_cs2p5_r3_20260408_021003_eval.log,true,true,true,true,true
3.0,3,csopt1full_cbftrue_cs3p0_r3_20260408_021003,ok,./chain_strength_sweep_qpu_fixedemb_v113_opt1_r1to10_fullcs_chainbreak_true/logs/csopt1full_cbftrue_cs3p0_r3_20260408_021003_sample.log,./chain_strength_sweep_qpu_fixedemb_v113_opt1_r1to10_fullcs_chainbreak_true/logs/csopt1full_cbftrue_cs3p0_r3_20260408_021003_eval.log,true,true,true,true,true
3.5,3,csopt1full_cbftrue_cs3p5_r3_20260408_021003,ok,./chain_strength_sweep_qpu_fixedemb_v113_opt1_r1to10_fullcs_chainbreak_true/logs/csopt1full_cbftrue_cs3p5_r3_20260408_021003_sample.log,./chain_strength_sweep_qpu_fixedemb_v113_opt1_r1to10_fullcs_chainbreak_true/logs/csopt1full_cbftrue_cs3p5_r3_20260408_021003_eval.log,true,true,true,true,true
4.0,3,csopt1full_cbftrue_cs4p0_r3_20260408_021003,ok,./chain_strength_sweep_qpu_fixedemb_v113_opt1_r1to10_fullcs_chainbreak_true/logs/csopt1full_cbftrue_cs4p0_r3_20260408_021003_sample.log,./chain_strength_sweep_qpu_fixedemb_v113_opt1_r1to10_fullcs_chainbreak_true/logs/csopt1full_cbftrue_cs4p0_r3_20260408_021003_eval.log,true,true,true,true,true
4.5,3,csopt1full_cbftrue_cs4p5_r3_20260408_021003,ok,./chain_strength_sweep_qpu_fixedemb_v113_opt1_r1to10_fullcs_chainbreak_true/logs/csopt1full_cbftrue_cs4p5_r3_20260408_021003_sample.log,./chain_strength_sweep_qpu_fixedemb_v113_opt1_r1to10_fullcs_chainbreak_true/logs/csopt1full_cbftrue_cs4p5_r3_20260408_021003_eval.log,true,true,true,true,true
5.0,3,csopt1full_cbftrue_cs5p0_r3_20260408_021003,ok,./chain_strength_sweep_qpu_fixedemb_v113_opt1_r1to10_fullcs_chainbreak_true/logs/csopt1full_cbftrue_cs5p0_r3_20260408_021003_sample.log,./chain_strength_sweep_qpu_fixedemb_v113_opt1_r1to10_fullcs_chainbreak_true/logs/csopt1full_cbftrue_cs5p0_r3_20260408_021003_eval.log,true,true,true,true,true
5.5,3,csopt1full_cbftrue_cs5p5_r3_20260408_021003,ok,./chain_strength_sweep_qpu_fixedemb_v113_opt1_r1to10_fullcs_chainbreak_true/logs/csopt1full_cbftrue_cs5p5_r3_20260408_021003_sample.log,./chain_strength_sweep_qpu_fixedemb_v113_opt1_r1to10_fullcs_chainbreak_true/logs/csopt1full_cbftrue_cs5p5_r3_20260408_021003_eval.log,true,true,true,true,true
6.0,3,csopt1full_cbftrue_cs6p0_r3_20260408_021003,ok,./chain_strength_sweep_qpu_fixedemb_v113_opt1_r1to10_fullcs_chainbreak_true/logs/csopt1full_cbftrue_cs6p0_r3_20260408_021003_sample.log,./chain_strength_sweep_qpu_fixedemb_v113_opt1_r1to10_fullcs_chainbreak_true/logs/csopt1full_cbftrue_cs6p0_r3_20260408_021003_eval.log,true,true,true,true,true
7.0,3,csopt1full_cbftrue_cs7p0_r3_20260408_021003,ok,./chain_strength_sweep_qpu_fixedemb_v113_opt1_r1to10_fullcs_chainbreak_true/logs/csopt1full_cbftrue_cs7p0_r3_20260408_021003_sample.log,./chain_strength_sweep_qpu_fixedemb_v113_opt1_r1to10_fullcs_chainbreak_true/logs/csopt1full_cbftrue_cs7p0_r3_20260408_021003_eval.log,true,true,true,true,true
8.0,3,csopt1full_cbftrue_cs8p0_r3_20260408_021003,ok,./chain_strength_sweep_qpu_fixedemb_v113_opt1_r1to10_fullcs_chainbreak_true/logs/csopt1full_cbftrue_cs8p0_r3_20260408_021003_sample.log,./chain_strength_sweep_qpu_fixedemb_v113_opt1_r1to10_fullcs_chainbreak_true/logs/csopt1full_cbftrue_cs8p0_r3_20260408_021003_eval.log,true,true,true,true,true
0.5,4,csopt1full_cbftrue_cs0p5_r4_20260408_021003,ok,./chain_strength_sweep_qpu_fixedemb_v113_opt1_r1to10_fullcs_chainbreak_true/logs/csopt1full_cbftrue_cs0p5_r4_20260408_021003_sample.log,./chain_strength_sweep_qpu_fixedemb_v113_opt1_r1to10_fullcs_chainbreak_true/logs/csopt1full_cbftrue_cs0p5_r4_20260408_021003_eval.log,true,true,true,true,true
0.75,4,csopt1full_cbftrue_cs0p75_r4_20260408_021003,ok,./chain_strength_sweep_qpu_fixedemb_v113_opt1_r1to10_fullcs_chainbreak_true/logs/csopt1full_cbftrue_cs0p75_r4_20260408_021003_sample.log,./chain_strength_sweep_qpu_fixedemb_v113_opt1_r1to10_fullcs_chainbreak_true/logs/csopt1full_cbftrue_cs0p75_r4_20260408_021003_eval.log,true,true,true,true,true
1.0,4,csopt1full_cbftrue_cs1p0_r4_20260408_021003,ok,./chain_strength_sweep_qpu_fixedemb_v113_opt1_r1to10_fullcs_chainbreak_true/logs/csopt1full_cbftrue_cs1p0_r4_20260408_021003_sample.log,./chain_strength_sweep_qpu_fixedemb_v113_opt1_r1to10_fullcs_chainbreak_true/logs/csopt1full_cbftrue_cs1p0_r4_20260408_021003_eval.log,true,true,true,true,true
1.25,4,csopt1full_cbftrue_cs1p25_r4_20260408_021003,ok,./chain_strength_sweep_qpu_fixedemb_v113_opt1_r1to10_fullcs_chainbreak_true/logs/csopt1full_cbftrue_cs1p25_r4_20260408_021003_sample.log,./chain_strength_sweep_qpu_fixedemb_v113_opt1_r1to10_fullcs_chainbreak_true/logs/csopt1full_cbftrue_cs1p25_r4_20260408_021003_eval.log,true,true,true,true,true
1.5,4,csopt1full_cbftrue_cs1p5_r4_20260408_021003,ok,./chain_strength_sweep_qpu_fixedemb_v113_opt1_r1to10_fullcs_chainbreak_true/logs/csopt1full_cbftrue_cs1p5_r4_20260408_021003_sample.log,./chain_strength_sweep_qpu_fixedemb_v113_opt1_r1to10_fullcs_chainbreak_true/logs/csopt1full_cbftrue_cs1p5_r4_20260408_021003_eval.log,true,true,true,true,true
2.0,4,csopt1full_cbftrue_cs2p0_r4_20260408_021003,ok,./chain_strength_sweep_qpu_fixedemb_v113_opt1_r1to10_fullcs_chainbreak_true/logs/csopt1full_cbftrue_cs2p0_r4_20260408_021003_sample.log,./chain_strength_sweep_qpu_fixedemb_v113_opt1_r1to10_fullcs_chainbreak_true/logs/csopt1full_cbftrue_cs2p0_r4_20260408_021003_eval.log,true,true,true,true,true
2.5,4,csopt1full_cbftrue_cs2p5_r4_20260408_021003,ok,./chain_strength_sweep_qpu_fixedemb_v113_opt1_r1to10_fullcs_chainbreak_true/logs/csopt1full_cbftrue_cs2p5_r4_20260408_021003_sample.log,./chain_strength_sweep_qpu_fixedemb_v113_opt1_r1to10_fullcs_chainbreak_true/logs/csopt1full_cbftrue_cs2p5_r4_20260408_021003_eval.log,true,true,true,true,true
3.0,4,csopt1full_cbftrue_cs3p0_r4_20260408_021003,ok,./chain_strength_sweep_qpu_fixedemb_v113_opt1_r1to10_fullcs_chainbreak_true/logs/csopt1full_cbftrue_cs3p0_r4_20260408_021003_sample.log,./chain_strength_sweep_qpu_fixedemb_v113_opt1_r1to10_fullcs_chainbreak_true/logs/csopt1full_cbftrue_cs3p0_r4_20260408_021003_eval.log,true,true,true,true,true
3.5,4,csopt1full_cbftrue_cs3p5_r4_20260408_021003,ok,./chain_strength_sweep_qpu_fixedemb_v113_opt1_r1to10_fullcs_chainbreak_true/logs/csopt1full_cbftrue_cs3p5_r4_20260408_021003_sample.log,./chain_strength_sweep_qpu_fixedemb_v113_opt1_r1to10_fullcs_chainbreak_true/logs/csopt1full_cbftrue_cs3p5_r4_20260408_021003_eval.log,true,true,true,true,true
4.0,4,csopt1full_cbftrue_cs4p0_r4_20260408_021003,ok,./chain_strength_sweep_qpu_fixedemb_v113_opt1_r1to10_fullcs_chainbreak_true/logs/csopt1full_cbftrue_cs4p0_r4_20260408_021003_sample.log,./chain_strength_sweep_qpu_fixedemb_v113_opt1_r1to10_fullcs_chainbreak_true/logs/csopt1full_cbftrue_cs4p0_r4_20260408_021003_eval.log,true,true,true,true,true
4.5,4,csopt1full_cbftrue_cs4p5_r4_20260408_021003,ok,./chain_strength_sweep_qpu_fixedemb_v113_opt1_r1to10_fullcs_chainbreak_true/logs/csopt1full_cbftrue_cs4p5_r4_20260408_021003_sample.log,./chain_strength_sweep_qpu_fixedemb_v113_opt1_r1to10_fullcs_chainbreak_true/logs/csopt1full_cbftrue_cs4p5_r4_20260408_021003_eval.log,true,true,true,true,true
5.0,4,csopt1full_cbftrue_cs5p0_r4_20260408_021003,ok,./chain_strength_sweep_qpu_fixedemb_v113_opt1_r1to10_fullcs_chainbreak_true/logs/csopt1full_cbftrue_cs5p0_r4_20260408_021003_sample.log,./chain_strength_sweep_qpu_fixedemb_v113_opt1_r1to10_fullcs_chainbreak_true/logs/csopt1full_cbftrue_cs5p0_r4_20260408_021003_eval.log,true,true,true,true,true
5.5,4,csopt1full_cbftrue_cs5p5_r4_20260408_021003,ok,./chain_strength_sweep_qpu_fixedemb_v113_opt1_r1to10_fullcs_chainbreak_true/logs/csopt1full_cbftrue_cs5p5_r4_20260408_021003_sample.log,./chain_strength_sweep_qpu_fixedemb_v113_opt1_r1to10_fullcs_chainbreak_true/logs/csopt1full_cbftrue_cs5p5_r4_20260408_021003_eval.log,true,true,true,true,true
6.0,4,csopt1full_cbftrue_cs6p0_r4_20260408_021003,ok,./chain_strength_sweep_qpu_fixedemb_v113_opt1_r1to10_fullcs_chainbreak_true/logs/csopt1full_cbftrue_cs6p0_r4_20260408_021003_sample.log,./chain_strength_sweep_qpu_fixedemb_v113_opt1_r1to10_fullcs_chainbreak_true/logs/csopt1full_cbftrue_cs6p0_r4_20260408_021003_eval.log,true,true,true,true,true
7.0,4,csopt1full_cbftrue_cs7p0_r4_20260408_021003,ok,./chain_strength_sweep_qpu_fixedemb_v113_opt1_r1to10_fullcs_chainbreak_true/logs/csopt1full_cbftrue_cs7p0_r4_20260408_021003_sample.log,./chain_strength_sweep_qpu_fixedemb_v113_opt1_r1to10_fullcs_chainbreak_true/logs/csopt1full_cbftrue_cs7p0_r4_20260408_021003_eval.log,true,true,true,true,true
8.0,4,csopt1full_cbftrue_cs8p0_r4_20260408_021003,ok,./chain_strength_sweep_qpu_fixedemb_v113_opt1_r1to10_fullcs_chainbreak_true/logs/csopt1full_cbftrue_cs8p0_r4_20260408_021003_sample.log,./chain_strength_sweep_qpu_fixedemb_v113_opt1_r1to10_fullcs_chainbreak_true/logs/csopt1full_cbftrue_cs8p0_r4_20260408_021003_eval.log,true,true,true,true,true
0.5,5,csopt1full_cbftrue_cs0p5_r5_20260408_021003,ok,./chain_strength_sweep_qpu_fixedemb_v113_opt1_r1to10_fullcs_chainbreak_true/logs/csopt1full_cbftrue_cs0p5_r5_20260408_021003_sample.log,./chain_strength_sweep_qpu_fixedemb_v113_opt1_r1to10_fullcs_chainbreak_true/logs/csopt1full_cbftrue_cs0p5_r5_20260408_021003_eval.log,true,true,true,true,true
0.75,5,csopt1full_cbftrue_cs0p75_r5_20260408_021003,ok,./chain_strength_sweep_qpu_fixedemb_v113_opt1_r1to10_fullcs_chainbreak_true/logs/csopt1full_cbftrue_cs0p75_r5_20260408_021003_sample.log,./chain_strength_sweep_qpu_fixedemb_v113_opt1_r1to10_fullcs_chainbreak_true/logs/csopt1full_cbftrue_cs0p75_r5_20260408_021003_eval.log,true,true,true,true,true
1.0,5,csopt1full_cbftrue_cs1p0_r5_20260408_021003,ok,./chain_strength_sweep_qpu_fixedemb_v113_opt1_r1to10_fullcs_chainbreak_true/logs/csopt1full_cbftrue_cs1p0_r5_20260408_021003_sample.log,./chain_strength_sweep_qpu_fixedemb_v113_opt1_r1to10_fullcs_chainbreak_true/logs/csopt1full_cbftrue_cs1p0_r5_20260408_021003_eval.log,true,true,true,true,true
1.25,5,csopt1full_cbftrue_cs1p25_r5_20260408_021003,ok,./chain_strength_sweep_qpu_fixedemb_v113_opt1_r1to10_fullcs_chainbreak_true/logs/csopt1full_cbftrue_cs1p25_r5_20260408_021003_sample.log,./chain_strength_sweep_qpu_fixedemb_v113_opt1_r1to10_fullcs_chainbreak_true/logs/csopt1full_cbftrue_cs1p25_r5_20260408_021003_eval.log,true,true,true,true,true
1.5,5,csopt1full_cbftrue_cs1p5_r5_20260408_021003,ok,./chain_strength_sweep_qpu_fixedemb_v113_opt1_r1to10_fullcs_chainbreak_true/logs/csopt1full_cbftrue_cs1p5_r5_20260408_021003_sample.log,./chain_strength_sweep_qpu_fixedemb_v113_opt1_r1to10_fullcs_chainbreak_true/logs/csopt1full_cbftrue_cs1p5_r5_20260408_021003_eval.log,true,true,true,true,true
2.0,5,csopt1full_cbftrue_cs2p0_r5_20260408_021003,ok,./chain_strength_sweep_qpu_fixedemb_v113_opt1_r1to10_fullcs_chainbreak_true/logs/csopt1full_cbftrue_cs2p0_r5_20260408_021003_sample.log,./chain_strength_sweep_qpu_fixedemb_v113_opt1_r1to10_fullcs_chainbreak_true/logs/csopt1full_cbftrue_cs2p0_r5_20260408_021003_eval.log,true,true,true,true,true
2.5,5,csopt1full_cbftrue_cs2p5_r5_20260408_021003,ok,./chain_strength_sweep_qpu_fixedemb_v113_opt1_r1to10_fullcs_chainbreak_true/logs/csopt1full_cbftrue_cs2p5_r5_20260408_021003_sample.log,./chain_strength_sweep_qpu_fixedemb_v113_opt1_r1to10_fullcs_chainbreak_true/logs/csopt1full_cbftrue_cs2p5_r5_20260408_021003_eval.log,true,true,true,true,true
3.0,5,csopt1full_cbftrue_cs3p0_r5_20260408_021003,ok,./chain_strength_sweep_qpu_fixedemb_v113_opt1_r1to10_fullcs_chainbreak_true/logs/csopt1full_cbftrue_cs3p0_r5_20260408_021003_sample.log,./chain_strength_sweep_qpu_fixedemb_v113_opt1_r1to10_fullcs_chainbreak_true/logs/csopt1full_cbftrue_cs3p0_r5_20260408_021003_eval.log,true,true,true,true,true
3.5,5,csopt1full_cbftrue_cs3p5_r5_20260408_021003,ok,./chain_strength_sweep_qpu_fixedemb_v113_opt1_r1to10_fullcs_chainbreak_true/logs/csopt1full_cbftrue_cs3p5_r5_20260408_021003_sample.log,./chain_strength_sweep_qpu_fixedemb_v113_opt1_r1to10_fullcs_chainbreak_true/logs/csopt1full_cbftrue_cs3p5_r5_20260408_021003_eval.log,true,true,true,true,true
4.0,5,csopt1full_cbftrue_cs4p0_r5_20260408_021003,ok,./chain_strength_sweep_qpu_fixedemb_v113_opt1_r1to10_fullcs_chainbreak_true/logs/csopt1full_cbftrue_cs4p0_r5_20260408_021003_sample.log,./chain_strength_sweep_qpu_fixedemb_v113_opt1_r1to10_fullcs_chainbreak_true/logs/csopt1full_cbftrue_cs4p0_r5_20260408_021003_eval.log,true,true,true,true,true
4.5,5,csopt1full_cbftrue_cs4p5_r5_20260408_021003,ok,./chain_strength_sweep_qpu_fixedemb_v113_opt1_r1to10_fullcs_chainbreak_true/logs/csopt1full_cbftrue_cs4p5_r5_20260408_021003_sample.log,./chain_strength_sweep_qpu_fixedemb_v113_opt1_r1to10_fullcs_chainbreak_true/logs/csopt1full_cbftrue_cs4p5_r5_20260408_021003_eval.log,true,true,true,true,true
5.0,5,csopt1full_cbftrue_cs5p0_r5_20260408_021003,ok,./chain_strength_sweep_qpu_fixedemb_v113_opt1_r1to10_fullcs_chainbreak_true/logs/csopt1full_cbftrue_cs5p0_r5_20260408_021003_sample.log,./chain_strength_sweep_qpu_fixedemb_v113_opt1_r1to10_fullcs_chainbreak_true/logs/csopt1full_cbftrue_cs5p0_r5_20260408_021003_eval.log,true,true,true,true,true
5.5,5,csopt1full_cbftrue_cs5p5_r5_20260408_021003,ok,./chain_strength_sweep_qpu_fixedemb_v113_opt1_r1to10_fullcs_chainbreak_true/logs/csopt1full_cbftrue_cs5p5_r5_20260408_021003_sample.log,./chain_strength_sweep_qpu_fixedemb_v113_opt1_r1to10_fullcs_chainbreak_true/logs/csopt1full_cbftrue_cs5p5_r5_20260408_021003_eval.log,true,true,true,true,true
6.0,5,csopt1full_cbftrue_cs6p0_r5_20260408_021003,ok,./chain_strength_sweep_qpu_fixedemb_v113_opt1_r1to10_fullcs_chainbreak_true/logs/csopt1full_cbftrue_cs6p0_r5_20260408_021003_sample.log,./chain_strength_sweep_qpu_fixedemb_v113_opt1_r1to10_fullcs_chainbreak_true/logs/csopt1full_cbftrue_cs6p0_r5_20260408_021003_eval.log,true,true,true,true,true
7.0,5,csopt1full_cbftrue_cs7p0_r5_20260408_021003,ok,./chain_strength_sweep_qpu_fixedemb_v113_opt1_r1to10_fullcs_chainbreak_true/logs/csopt1full_cbftrue_cs7p0_r5_20260408_021003_sample.log,./chain_strength_sweep_qpu_fixedemb_v113_opt1_r1to10_fullcs_chainbreak_true/logs/csopt1full_cbftrue_cs7p0_r5_20260408_021003_eval.log,true,true,true,true,true
8.0,5,csopt1full_cbftrue_cs8p0_r5_20260408_021003,ok,./chain_strength_sweep_qpu_fixedemb_v113_opt1_r1to10_fullcs_chainbreak_true/logs/csopt1full_cbftrue_cs8p0_r5_20260408_021003_sample.log,./chain_strength_sweep_qpu_fixedemb_v113_opt1_r1to10_fullcs_chainbreak_true/logs/csopt1full_cbftrue_cs8p0_r5_20260408_021003_eval.log,true,true,true,true,true
0.5,6,csopt1full_cbftrue_cs0p5_r6_20260408_021003,ok,./chain_strength_sweep_qpu_fixedemb_v113_opt1_r1to10_fullcs_chainbreak_true/logs/csopt1full_cbftrue_cs0p5_r6_20260408_021003_sample.log,./chain_strength_sweep_qpu_fixedemb_v113_opt1_r1to10_fullcs_chainbreak_true/logs/csopt1full_cbftrue_cs0p5_r6_20260408_021003_eval.log,true,true,true,true,true
0.75,6,csopt1full_cbftrue_cs0p75_r6_20260408_021003,ok,./chain_strength_sweep_qpu_fixedemb_v113_opt1_r1to10_fullcs_chainbreak_true/logs/csopt1full_cbftrue_cs0p75_r6_20260408_021003_sample.log,./chain_strength_sweep_qpu_fixedemb_v113_opt1_r1to10_fullcs_chainbreak_true/logs/csopt1full_cbftrue_cs0p75_r6_20260408_021003_eval.log,true,true,true,true,true
1.0,6,csopt1full_cbftrue_cs1p0_r6_20260408_021003,ok,./chain_strength_sweep_qpu_fixedemb_v113_opt1_r1to10_fullcs_chainbreak_true/logs/csopt1full_cbftrue_cs1p0_r6_20260408_021003_sample.log,./chain_strength_sweep_qpu_fixedemb_v113_opt1_r1to10_fullcs_chainbreak_true/logs/csopt1full_cbftrue_cs1p0_r6_20260408_021003_eval.log,true,true,true,true,true
1.25,6,csopt1full_cbftrue_cs1p25_r6_20260408_021003,ok,./chain_strength_sweep_qpu_fixedemb_v113_opt1_r1to10_fullcs_chainbreak_true/logs/csopt1full_cbftrue_cs1p25_r6_20260408_021003_sample.log,./chain_strength_sweep_qpu_fixedemb_v113_opt1_r1to10_fullcs_chainbreak_true/logs/csopt1full_cbftrue_cs1p25_r6_20260408_021003_eval.log,true,true,true,true,true
1.5,6,csopt1full_cbftrue_cs1p5_r6_20260408_021003,ok,./chain_strength_sweep_qpu_fixedemb_v113_opt1_r1to10_fullcs_chainbreak_true/logs/csopt1full_cbftrue_cs1p5_r6_20260408_021003_sample.log,./chain_strength_sweep_qpu_fixedemb_v113_opt1_r1to10_fullcs_chainbreak_true/logs/csopt1full_cbftrue_cs1p5_r6_20260408_021003_eval.log,true,true,true,true,true
2.0,6,csopt1full_cbftrue_cs2p0_r6_20260408_021003,ok,./chain_strength_sweep_qpu_fixedemb_v113_opt1_r1to10_fullcs_chainbreak_true/logs/csopt1full_cbftrue_cs2p0_r6_20260408_021003_sample.log,./chain_strength_sweep_qpu_fixedemb_v113_opt1_r1to10_fullcs_chainbreak_true/logs/csopt1full_cbftrue_cs2p0_r6_20260408_021003_eval.log,true,true,true,true,true
2.5,6,csopt1full_cbftrue_cs2p5_r6_20260408_021003,ok,./chain_strength_sweep_qpu_fixedemb_v113_opt1_r1to10_fullcs_chainbreak_true/logs/csopt1full_cbftrue_cs2p5_r6_20260408_021003_sample.log,./chain_strength_sweep_qpu_fixedemb_v113_opt1_r1to10_fullcs_chainbreak_true/logs/csopt1full_cbftrue_cs2p5_r6_20260408_021003_eval.log,true,true,true,true,true
3.0,6,csopt1full_cbftrue_cs3p0_r6_20260408_021003,ok,./chain_strength_sweep_qpu_fixedemb_v113_opt1_r1to10_fullcs_chainbreak_true/logs/csopt1full_cbftrue_cs3p0_r6_20260408_021003_sample.log,./chain_strength_sweep_qpu_fixedemb_v113_opt1_r1to10_fullcs_chainbreak_true/logs/csopt1full_cbftrue_cs3p0_r6_20260408_021003_eval.log,true,true,true,true,true
3.5,6,csopt1full_cbftrue_cs3p5_r6_20260408_021003,ok,./chain_strength_sweep_qpu_fixedemb_v113_opt1_r1to10_fullcs_chainbreak_true/logs/csopt1full_cbftrue_cs3p5_r6_20260408_021003_sample.log,./chain_strength_sweep_qpu_fixedemb_v113_opt1_r1to10_fullcs_chainbreak_true/logs/csopt1full_cbftrue_cs3p5_r6_20260408_021003_eval.log,true,true,true,true,true
4.0,6,csopt1full_cbftrue_cs4p0_r6_20260408_021003,ok,./chain_strength_sweep_qpu_fixedemb_v113_opt1_r1to10_fullcs_chainbreak_true/logs/csopt1full_cbftrue_cs4p0_r6_20260408_021003_sample.log,./chain_strength_sweep_qpu_fixedemb_v113_opt1_r1to10_fullcs_chainbreak_true/logs/csopt1full_cbftrue_cs4p0_r6_20260408_021003_eval.log,true,true,true,true,true
4.5,6,csopt1full_cbftrue_cs4p5_r6_20260408_021003,ok,./chain_strength_sweep_qpu_fixedemb_v113_opt1_r1to10_fullcs_chainbreak_true/logs/csopt1full_cbftrue_cs4p5_r6_20260408_021003_sample.log,./chain_strength_sweep_qpu_fixedemb_v113_opt1_r1to10_fullcs_chainbreak_true/logs/csopt1full_cbftrue_cs4p5_r6_20260408_021003_eval.log,true,true,true,true,true
5.0,6,csopt1full_cbftrue_cs5p0_r6_20260408_021003,ok,./chain_strength_sweep_qpu_fixedemb_v113_opt1_r1to10_fullcs_chainbreak_true/logs/csopt1full_cbftrue_cs5p0_r6_20260408_021003_sample.log,./chain_strength_sweep_qpu_fixedemb_v113_opt1_r1to10_fullcs_chainbreak_true/logs/csopt1full_cbftrue_cs5p0_r6_20260408_021003_eval.log,true,true,true,true,true
5.5,6,csopt1full_cbftrue_cs5p5_r6_20260408_021003,ok,./chain_strength_sweep_qpu_fixedemb_v113_opt1_r1to10_fullcs_chainbreak_true/logs/csopt1full_cbftrue_cs5p5_r6_20260408_021003_sample.log,./chain_strength_sweep_qpu_fixedemb_v113_opt1_r1to10_fullcs_chainbreak_true/logs/csopt1full_cbftrue_cs5p5_r6_20260408_021003_eval.log,true,true,true,true,true
6.0,6,csopt1full_cbftrue_cs6p0_r6_20260408_021003,ok,./chain_strength_sweep_qpu_fixedemb_v113_opt1_r1to10_fullcs_chainbreak_true/logs/csopt1full_cbftrue_cs6p0_r6_20260408_021003_sample.log,./chain_strength_sweep_qpu_fixedemb_v113_opt1_r1to10_fullcs_chainbreak_true/logs/csopt1full_cbftrue_cs6p0_r6_20260408_021003_eval.log,true,true,true,true,true
7.0,6,csopt1full_cbftrue_cs7p0_r6_20260408_021003,ok,./chain_strength_sweep_qpu_fixedemb_v113_opt1_r1to10_fullcs_chainbreak_true/logs/csopt1full_cbftrue_cs7p0_r6_20260408_021003_sample.log,./chain_strength_sweep_qpu_fixedemb_v113_opt1_r1to10_fullcs_chainbreak_true/logs/csopt1full_cbftrue_cs7p0_r6_20260408_021003_eval.log,true,true,true,true,true
8.0,6,csopt1full_cbftrue_cs8p0_r6_20260408_021003,ok,./chain_strength_sweep_qpu_fixedemb_v113_opt1_r1to10_fullcs_chainbreak_true/logs/csopt1full_cbftrue_cs8p0_r6_20260408_021003_sample.log,./chain_strength_sweep_qpu_fixedemb_v113_opt1_r1to10_fullcs_chainbreak_true/logs/csopt1full_cbftrue_cs8p0_r6_20260408_021003_eval.log,true,true,true,true,true
0.5,7,csopt1full_cbftrue_cs0p5_r7_20260408_021003,ok,./chain_strength_sweep_qpu_fixedemb_v113_opt1_r1to10_fullcs_chainbreak_true/logs/csopt1full_cbftrue_cs0p5_r7_20260408_021003_sample.log,./chain_strength_sweep_qpu_fixedemb_v113_opt1_r1to10_fullcs_chainbreak_true/logs/csopt1full_cbftrue_cs0p5_r7_20260408_021003_eval.log,true,true,true,true,true
0.75,7,csopt1full_cbftrue_cs0p75_r7_20260408_021003,ok,./chain_strength_sweep_qpu_fixedemb_v113_opt1_r1to10_fullcs_chainbreak_true/logs/csopt1full_cbftrue_cs0p75_r7_20260408_021003_sample.log,./chain_strength_sweep_qpu_fixedemb_v113_opt1_r1to10_fullcs_chainbreak_true/logs/csopt1full_cbftrue_cs0p75_r7_20260408_021003_eval.log,true,true,true,true,true
1.0,7,csopt1full_cbftrue_cs1p0_r7_20260408_021003,ok,./chain_strength_sweep_qpu_fixedemb_v113_opt1_r1to10_fullcs_chainbreak_true/logs/csopt1full_cbftrue_cs1p0_r7_20260408_021003_sample.log,./chain_strength_sweep_qpu_fixedemb_v113_opt1_r1to10_fullcs_chainbreak_true/logs/csopt1full_cbftrue_cs1p0_r7_20260408_021003_eval.log,true,true,true,true,true
1.25,7,csopt1full_cbftrue_cs1p25_r7_20260408_021003,ok,./chain_strength_sweep_qpu_fixedemb_v113_opt1_r1to10_fullcs_chainbreak_true/logs/csopt1full_cbftrue_cs1p25_r7_20260408_021003_sample.log,./chain_strength_sweep_qpu_fixedemb_v113_opt1_r1to10_fullcs_chainbreak_true/logs/csopt1full_cbftrue_cs1p25_r7_20260408_021003_eval.log,true,true,true,true,true
1.5,7,csopt1full_cbftrue_cs1p5_r7_20260408_021003,ok,./chain_strength_sweep_qpu_fixedemb_v113_opt1_r1to10_fullcs_chainbreak_true/logs/csopt1full_cbftrue_cs1p5_r7_20260408_021003_sample.log,./chain_strength_sweep_qpu_fixedemb_v113_opt1_r1to10_fullcs_chainbreak_true/logs/csopt1full_cbftrue_cs1p5_r7_20260408_021003_eval.log,true,true,true,true,true
2.0,7,csopt1full_cbftrue_cs2p0_r7_20260408_021003,ok,./chain_strength_sweep_qpu_fixedemb_v113_opt1_r1to10_fullcs_chainbreak_true/logs/csopt1full_cbftrue_cs2p0_r7_20260408_021003_sample.log,./chain_strength_sweep_qpu_fixedemb_v113_opt1_r1to10_fullcs_chainbreak_true/logs/csopt1full_cbftrue_cs2p0_r7_20260408_021003_eval.log,true,true,true,true,true
2.5,7,csopt1full_cbftrue_cs2p5_r7_20260408_021003,ok,./chain_strength_sweep_qpu_fixedemb_v113_opt1_r1to10_fullcs_chainbreak_true/logs/csopt1full_cbftrue_cs2p5_r7_20260408_021003_sample.log,./chain_strength_sweep_qpu_fixedemb_v113_opt1_r1to10_fullcs_chainbreak_true/logs/csopt1full_cbftrue_cs2p5_r7_20260408_021003_eval.log,true,true,true,true,true
3.0,7,csopt1full_cbftrue_cs3p0_r7_20260408_021003,ok,./chain_strength_sweep_qpu_fixedemb_v113_opt1_r1to10_fullcs_chainbreak_true/logs/csopt1full_cbftrue_cs3p0_r7_20260408_021003_sample.log,./chain_strength_sweep_qpu_fixedemb_v113_opt1_r1to10_fullcs_chainbreak_true/logs/csopt1full_cbftrue_cs3p0_r7_20260408_021003_eval.log,true,true,true,true,true
3.5,7,csopt1full_cbftrue_cs3p5_r7_20260408_021003,ok,./chain_strength_sweep_qpu_fixedemb_v113_opt1_r1to10_fullcs_chainbreak_true/logs/csopt1full_cbftrue_cs3p5_r7_20260408_021003_sample.log,./chain_strength_sweep_qpu_fixedemb_v113_opt1_r1to10_fullcs_chainbreak_true/logs/csopt1full_cbftrue_cs3p5_r7_20260408_021003_eval.log,true,true,true,true,true
4.0,7,csopt1full_cbftrue_cs4p0_r7_20260408_021003,ok,./chain_strength_sweep_qpu_fixedemb_v113_opt1_r1to10_fullcs_chainbreak_true/logs/csopt1full_cbftrue_cs4p0_r7_20260408_021003_sample.log,./chain_strength_sweep_qpu_fixedemb_v113_opt1_r1to10_fullcs_chainbreak_true/logs/csopt1full_cbftrue_cs4p0_r7_20260408_021003_eval.log,true,true,true,true,true
4.5,7,csopt1full_cbftrue_cs4p5_r7_20260408_021003,ok,./chain_strength_sweep_qpu_fixedemb_v113_opt1_r1to10_fullcs_chainbreak_true/logs/csopt1full_cbftrue_cs4p5_r7_20260408_021003_sample.log,./chain_strength_sweep_qpu_fixedemb_v113_opt1_r1to10_fullcs_chainbreak_true/logs/csopt1full_cbftrue_cs4p5_r7_20260408_021003_eval.log,true,true,true,true,true
5.0,7,csopt1full_cbftrue_cs5p0_r7_20260408_021003,ok,./chain_strength_sweep_qpu_fixedemb_v113_opt1_r1to10_fullcs_chainbreak_true/logs/csopt1full_cbftrue_cs5p0_r7_20260408_021003_sample.log,./chain_strength_sweep_qpu_fixedemb_v113_opt1_r1to10_fullcs_chainbreak_true/logs/csopt1full_cbftrue_cs5p0_r7_20260408_021003_eval.log,true,true,true,true,true
5.5,7,csopt1full_cbftrue_cs5p5_r7_20260408_021003,ok,./chain_strength_sweep_qpu_fixedemb_v113_opt1_r1to10_fullcs_chainbreak_true/logs/csopt1full_cbftrue_cs5p5_r7_20260408_021003_sample.log,./chain_strength_sweep_qpu_fixedemb_v113_opt1_r1to10_fullcs_chainbreak_true/logs/csopt1full_cbftrue_cs5p5_r7_20260408_021003_eval.log,true,true,true,true,true
6.0,7,csopt1full_cbftrue_cs6p0_r7_20260408_021003,ok,./chain_strength_sweep_qpu_fixedemb_v113_opt1_r1to10_fullcs_chainbreak_true/logs/csopt1full_cbftrue_cs6p0_r7_20260408_021003_sample.log,./chain_strength_sweep_qpu_fixedemb_v113_opt1_r1to10_fullcs_chainbreak_true/logs/csopt1full_cbftrue_cs6p0_r7_20260408_021003_eval.log,true,true,true,true,true
7.0,7,csopt1full_cbftrue_cs7p0_r7_20260408_021003,ok,./chain_strength_sweep_qpu_fixedemb_v113_opt1_r1to10_fullcs_chainbreak_true/logs/csopt1full_cbftrue_cs7p0_r7_20260408_021003_sample.log,./chain_strength_sweep_qpu_fixedemb_v113_opt1_r1to10_fullcs_chainbreak_true/logs/csopt1full_cbftrue_cs7p0_r7_20260408_021003_eval.log,true,true,true,true,true
8.0,7,csopt1full_cbftrue_cs8p0_r7_20260408_021003,ok,./chain_strength_sweep_qpu_fixedemb_v113_opt1_r1to10_fullcs_chainbreak_true/logs/csopt1full_cbftrue_cs8p0_r7_20260408_021003_sample.log,./chain_strength_sweep_qpu_fixedemb_v113_opt1_r1to10_fullcs_chainbreak_true/logs/csopt1full_cbftrue_cs8p0_r7_20260408_021003_eval.log,true,true,true,true,true
0.5,8,csopt1full_cbftrue_cs0p5_r8_20260408_021003,ok,./chain_strength_sweep_qpu_fixedemb_v113_opt1_r1to10_fullcs_chainbreak_true/logs/csopt1full_cbftrue_cs0p5_r8_20260408_021003_sample.log,./chain_strength_sweep_qpu_fixedemb_v113_opt1_r1to10_fullcs_chainbreak_true/logs/csopt1full_cbftrue_cs0p5_r8_20260408_021003_eval.log,true,true,true,true,true
0.75,8,csopt1full_cbftrue_cs0p75_r8_20260408_021003,ok,./chain_strength_sweep_qpu_fixedemb_v113_opt1_r1to10_fullcs_chainbreak_true/logs/csopt1full_cbftrue_cs0p75_r8_20260408_021003_sample.log,./chain_strength_sweep_qpu_fixedemb_v113_opt1_r1to10_fullcs_chainbreak_true/logs/csopt1full_cbftrue_cs0p75_r8_20260408_021003_eval.log,true,true,true,true,true
1.0,8,csopt1full_cbftrue_cs1p0_r8_20260408_021003,ok,./chain_strength_sweep_qpu_fixedemb_v113_opt1_r1to10_fullcs_chainbreak_true/logs/csopt1full_cbftrue_cs1p0_r8_20260408_021003_sample.log,./chain_strength_sweep_qpu_fixedemb_v113_opt1_r1to10_fullcs_chainbreak_true/logs/csopt1full_cbftrue_cs1p0_r8_20260408_021003_eval.log,true,true,true,true,true
1.25,8,csopt1full_cbftrue_cs1p25_r8_20260408_021003,ok,./chain_strength_sweep_qpu_fixedemb_v113_opt1_r1to10_fullcs_chainbreak_true/logs/csopt1full_cbftrue_cs1p25_r8_20260408_021003_sample.log,./chain_strength_sweep_qpu_fixedemb_v113_opt1_r1to10_fullcs_chainbreak_true/logs/csopt1full_cbftrue_cs1p25_r8_20260408_021003_eval.log,true,true,true,true,true
1.5,8,csopt1full_cbftrue_cs1p5_r8_20260408_021003,ok,./chain_strength_sweep_qpu_fixedemb_v113_opt1_r1to10_fullcs_chainbreak_true/logs/csopt1full_cbftrue_cs1p5_r8_20260408_021003_sample.log,./chain_strength_sweep_qpu_fixedemb_v113_opt1_r1to10_fullcs_chainbreak_true/logs/csopt1full_cbftrue_cs1p5_r8_20260408_021003_eval.log,true,true,true,true,true
2.0,8,csopt1full_cbftrue_cs2p0_r8_20260408_021003,ok,./chain_strength_sweep_qpu_fixedemb_v113_opt1_r1to10_fullcs_chainbreak_true/logs/csopt1full_cbftrue_cs2p0_r8_20260408_021003_sample.log,./chain_strength_sweep_qpu_fixedemb_v113_opt1_r1to10_fullcs_chainbreak_true/logs/csopt1full_cbftrue_cs2p0_r8_20260408_021003_eval.log,true,true,true,true,true
2.5,8,csopt1full_cbftrue_cs2p5_r8_20260408_021003,ok,./chain_strength_sweep_qpu_fixedemb_v113_opt1_r1to10_fullcs_chainbreak_true/logs/csopt1full_cbftrue_cs2p5_r8_20260408_021003_sample.log,./chain_strength_sweep_qpu_fixedemb_v113_opt1_r1to10_fullcs_chainbreak_true/logs/csopt1full_cbftrue_cs2p5_r8_20260408_021003_eval.log,true,true,true,true,true
3.0,8,csopt1full_cbftrue_cs3p0_r8_20260408_021003,ok,./chain_strength_sweep_qpu_fixedemb_v113_opt1_r1to10_fullcs_chainbreak_true/logs/csopt1full_cbftrue_cs3p0_r8_20260408_021003_sample.log,./chain_strength_sweep_qpu_fixedemb_v113_opt1_r1to10_fullcs_chainbreak_true/logs/csopt1full_cbftrue_cs3p0_r8_20260408_021003_eval.log,true,true,true,true,true
3.5,8,csopt1full_cbftrue_cs3p5_r8_20260408_021003,ok,./chain_strength_sweep_qpu_fixedemb_v113_opt1_r1to10_fullcs_chainbreak_true/logs/csopt1full_cbftrue_cs3p5_r8_20260408_021003_sample.log,./chain_strength_sweep_qpu_fixedemb_v113_opt1_r1to10_fullcs_chainbreak_true/logs/csopt1full_cbftrue_cs3p5_r8_20260408_021003_eval.log,true,true,true,true,true
4.0,8,csopt1full_cbftrue_cs4p0_r8_20260408_021003,ok,./chain_strength_sweep_qpu_fixedemb_v113_opt1_r1to10_fullcs_chainbreak_true/logs/csopt1full_cbftrue_cs4p0_r8_20260408_021003_sample.log,./chain_strength_sweep_qpu_fixedemb_v113_opt1_r1to10_fullcs_chainbreak_true/logs/csopt1full_cbftrue_cs4p0_r8_20260408_021003_eval.log,true,true,true,true,true
4.5,8,csopt1full_cbftrue_cs4p5_r8_20260408_021003,ok,./chain_strength_sweep_qpu_fixedemb_v113_opt1_r1to10_fullcs_chainbreak_true/logs/csopt1full_cbftrue_cs4p5_r8_20260408_021003_sample.log,./chain_strength_sweep_qpu_fixedemb_v113_opt1_r1to10_fullcs_chainbreak_true/logs/csopt1full_cbftrue_cs4p5_r8_20260408_021003_eval.log,true,true,true,true,true
5.0,8,csopt1full_cbftrue_cs5p0_r8_20260408_021003,ok,./chain_strength_sweep_qpu_fixedemb_v113_opt1_r1to10_fullcs_chainbreak_true/logs/csopt1full_cbftrue_cs5p0_r8_20260408_021003_sample.log,./chain_strength_sweep_qpu_fixedemb_v113_opt1_r1to10_fullcs_chainbreak_true/logs/csopt1full_cbftrue_cs5p0_r8_20260408_021003_eval.log,true,true,true,true,true
5.5,8,csopt1full_cbftrue_cs5p5_r8_20260408_021003,ok,./chain_strength_sweep_qpu_fixedemb_v113_opt1_r1to10_fullcs_chainbreak_true/logs/csopt1full_cbftrue_cs5p5_r8_20260408_021003_sample.log,./chain_strength_sweep_qpu_fixedemb_v113_opt1_r1to10_fullcs_chainbreak_true/logs/csopt1full_cbftrue_cs5p5_r8_20260408_021003_eval.log,true,true,true,true,true
6.0,8,csopt1full_cbftrue_cs6p0_r8_20260408_021003,ok,./chain_strength_sweep_qpu_fixedemb_v113_opt1_r1to10_fullcs_chainbreak_true/logs/csopt1full_cbftrue_cs6p0_r8_20260408_021003_sample.log,./chain_strength_sweep_qpu_fixedemb_v113_opt1_r1to10_fullcs_chainbreak_true/logs/csopt1full_cbftrue_cs6p0_r8_20260408_021003_eval.log,true,true,true,true,true
7.0,8,csopt1full_cbftrue_cs7p0_r8_20260408_021003,ok,./chain_strength_sweep_qpu_fixedemb_v113_opt1_r1to10_fullcs_chainbreak_true/logs/csopt1full_cbftrue_cs7p0_r8_20260408_021003_sample.log,./chain_strength_sweep_qpu_fixedemb_v113_opt1_r1to10_fullcs_chainbreak_true/logs/csopt1full_cbftrue_cs7p0_r8_20260408_021003_eval.log,true,true,true,true,true
8.0,8,csopt1full_cbftrue_cs8p0_r8_20260408_021003,ok,./chain_strength_sweep_qpu_fixedemb_v113_opt1_r1to10_fullcs_chainbreak_true/logs/csopt1full_cbftrue_cs8p0_r8_20260408_021003_sample.log,./chain_strength_sweep_qpu_fixedemb_v113_opt1_r1to10_fullcs_chainbreak_true/logs/csopt1full_cbftrue_cs8p0_r8_20260408_021003_eval.log,true,true,true,true,true
0.5,9,csopt1full_cbftrue_cs0p5_r9_20260408_021003,ok,./chain_strength_sweep_qpu_fixedemb_v113_opt1_r1to10_fullcs_chainbreak_true/logs/csopt1full_cbftrue_cs0p5_r9_20260408_021003_sample.log,./chain_strength_sweep_qpu_fixedemb_v113_opt1_r1to10_fullcs_chainbreak_true/logs/csopt1full_cbftrue_cs0p5_r9_20260408_021003_eval.log,true,true,true,true,true
0.75,9,csopt1full_cbftrue_cs0p75_r9_20260408_021003,ok,./chain_strength_sweep_qpu_fixedemb_v113_opt1_r1to10_fullcs_chainbreak_true/logs/csopt1full_cbftrue_cs0p75_r9_20260408_021003_sample.log,./chain_strength_sweep_qpu_fixedemb_v113_opt1_r1to10_fullcs_chainbreak_true/logs/csopt1full_cbftrue_cs0p75_r9_20260408_021003_eval.log,true,true,true,true,true
1.0,9,csopt1full_cbftrue_cs1p0_r9_20260408_021003,ok,./chain_strength_sweep_qpu_fixedemb_v113_opt1_r1to10_fullcs_chainbreak_true/logs/csopt1full_cbftrue_cs1p0_r9_20260408_021003_sample.log,./chain_strength_sweep_qpu_fixedemb_v113_opt1_r1to10_fullcs_chainbreak_true/logs/csopt1full_cbftrue_cs1p0_r9_20260408_021003_eval.log,true,true,true,true,true
1.25,9,csopt1full_cbftrue_cs1p25_r9_20260408_021003,ok,./chain_strength_sweep_qpu_fixedemb_v113_opt1_r1to10_fullcs_chainbreak_true/logs/csopt1full_cbftrue_cs1p25_r9_20260408_021003_sample.log,./chain_strength_sweep_qpu_fixedemb_v113_opt1_r1to10_fullcs_chainbreak_true/logs/csopt1full_cbftrue_cs1p25_r9_20260408_021003_eval.log,true,true,true,true,true
1.5,9,csopt1full_cbftrue_cs1p5_r9_20260408_021003,ok,./chain_strength_sweep_qpu_fixedemb_v113_opt1_r1to10_fullcs_chainbreak_true/logs/csopt1full_cbftrue_cs1p5_r9_20260408_021003_sample.log,./chain_strength_sweep_qpu_fixedemb_v113_opt1_r1to10_fullcs_chainbreak_true/logs/csopt1full_cbftrue_cs1p5_r9_20260408_021003_eval.log,true,true,true,true,true
2.0,9,csopt1full_cbftrue_cs2p0_r9_20260408_021003,ok,./chain_strength_sweep_qpu_fixedemb_v113_opt1_r1to10_fullcs_chainbreak_true/logs/csopt1full_cbftrue_cs2p0_r9_20260408_021003_sample.log,./chain_strength_sweep_qpu_fixedemb_v113_opt1_r1to10_fullcs_chainbreak_true/logs/csopt1full_cbftrue_cs2p0_r9_20260408_021003_eval.log,true,true,true,true,true
2.5,9,csopt1full_cbftrue_cs2p5_r9_20260408_021003,ok,./chain_strength_sweep_qpu_fixedemb_v113_opt1_r1to10_fullcs_chainbreak_true/logs/csopt1full_cbftrue_cs2p5_r9_20260408_021003_sample.log,./chain_strength_sweep_qpu_fixedemb_v113_opt1_r1to10_fullcs_chainbreak_true/logs/csopt1full_cbftrue_cs2p5_r9_20260408_021003_eval.log,true,true,true,true,true
3.0,9,csopt1full_cbftrue_cs3p0_r9_20260408_021003,ok,./chain_strength_sweep_qpu_fixedemb_v113_opt1_r1to10_fullcs_chainbreak_true/logs/csopt1full_cbftrue_cs3p0_r9_20260408_021003_sample.log,./chain_strength_sweep_qpu_fixedemb_v113_opt1_r1to10_fullcs_chainbreak_true/logs/csopt1full_cbftrue_cs3p0_r9_20260408_021003_eval.log,true,true,true,true,true
3.5,9,csopt1full_cbftrue_cs3p5_r9_20260408_021003,ok,./chain_strength_sweep_qpu_fixedemb_v113_opt1_r1to10_fullcs_chainbreak_true/logs/csopt1full_cbftrue_cs3p5_r9_20260408_021003_sample.log,./chain_strength_sweep_qpu_fixedemb_v113_opt1_r1to10_fullcs_chainbreak_true/logs/csopt1full_cbftrue_cs3p5_r9_20260408_021003_eval.log,true,true,true,true,true
4.0,9,csopt1full_cbftrue_cs4p0_r9_20260408_021003,ok,./chain_strength_sweep_qpu_fixedemb_v113_opt1_r1to10_fullcs_chainbreak_true/logs/csopt1full_cbftrue_cs4p0_r9_20260408_021003_sample.log,./chain_strength_sweep_qpu_fixedemb_v113_opt1_r1to10_fullcs_chainbreak_true/logs/csopt1full_cbftrue_cs4p0_r9_20260408_021003_eval.log,true,true,true,true,true
4.5,9,csopt1full_cbftrue_cs4p5_r9_20260408_021003,ok,./chain_strength_sweep_qpu_fixedemb_v113_opt1_r1to10_fullcs_chainbreak_true/logs/csopt1full_cbftrue_cs4p5_r9_20260408_021003_sample.log,./chain_strength_sweep_qpu_fixedemb_v113_opt1_r1to10_fullcs_chainbreak_true/logs/csopt1full_cbftrue_cs4p5_r9_20260408_021003_eval.log,true,true,true,true,true
5.0,9,csopt1full_cbftrue_cs5p0_r9_20260408_021003,ok,./chain_strength_sweep_qpu_fixedemb_v113_opt1_r1to10_fullcs_chainbreak_true/logs/csopt1full_cbftrue_cs5p0_r9_20260408_021003_sample.log,./chain_strength_sweep_qpu_fixedemb_v113_opt1_r1to10_fullcs_chainbreak_true/logs/csopt1full_cbftrue_cs5p0_r9_20260408_021003_eval.log,true,true,true,true,true
5.5,9,csopt1full_cbftrue_cs5p5_r9_20260408_021003,ok,./chain_strength_sweep_qpu_fixedemb_v113_opt1_r1to10_fullcs_chainbreak_true/logs/csopt1full_cbftrue_cs5p5_r9_20260408_021003_sample.log,./chain_strength_sweep_qpu_fixedemb_v113_opt1_r1to10_fullcs_chainbreak_true/logs/csopt1full_cbftrue_cs5p5_r9_20260408_021003_eval.log,true,true,true,true,true
6.0,9,csopt1full_cbftrue_cs6p0_r9_20260408_021003,ok,./chain_strength_sweep_qpu_fixedemb_v113_opt1_r1to10_fullcs_chainbreak_true/logs/csopt1full_cbftrue_cs6p0_r9_20260408_021003_sample.log,./chain_strength_sweep_qpu_fixedemb_v113_opt1_r1to10_fullcs_chainbreak_true/logs/csopt1full_cbftrue_cs6p0_r9_20260408_021003_eval.log,true,true,true,true,true
7.0,9,csopt1full_cbftrue_cs7p0_r9_20260408_021003,ok,./chain_strength_sweep_qpu_fixedemb_v113_opt1_r1to10_fullcs_chainbreak_true/logs/csopt1full_cbftrue_cs7p0_r9_20260408_021003_sample.log,./chain_strength_sweep_qpu_fixedemb_v113_opt1_r1to10_fullcs_chainbreak_true/logs/csopt1full_cbftrue_cs7p0_r9_20260408_021003_eval.log,true,true,true,true,true
8.0,9,csopt1full_cbftrue_cs8p0_r9_20260408_021003,ok,./chain_strength_sweep_qpu_fixedemb_v113_opt1_r1to10_fullcs_chainbreak_true/logs/csopt1full_cbftrue_cs8p0_r9_20260408_021003_sample.log,./chain_strength_sweep_qpu_fixedemb_v113_opt1_r1to10_fullcs_chainbreak_true/logs/csopt1full_cbftrue_cs8p0_r9_20260408_021003_eval.log,true,true,true,true,true
0.5,10,csopt1full_cbftrue_cs0p5_r10_20260408_021003,ok,./chain_strength_sweep_qpu_fixedemb_v113_opt1_r1to10_fullcs_chainbreak_true/logs/csopt1full_cbftrue_cs0p5_r10_20260408_021003_sample.log,./chain_strength_sweep_qpu_fixedemb_v113_opt1_r1to10_fullcs_chainbreak_true/logs/csopt1full_cbftrue_cs0p5_r10_20260408_021003_eval.log,true,true,true,true,true
0.75,10,csopt1full_cbftrue_cs0p75_r10_20260408_021003,ok,./chain_strength_sweep_qpu_fixedemb_v113_opt1_r1to10_fullcs_chainbreak_true/logs/csopt1full_cbftrue_cs0p75_r10_20260408_021003_sample.log,./chain_strength_sweep_qpu_fixedemb_v113_opt1_r1to10_fullcs_chainbreak_true/logs/csopt1full_cbftrue_cs0p75_r10_20260408_021003_eval.log,true,true,true,true,true
1.0,10,csopt1full_cbftrue_cs1p0_r10_20260408_021003,ok,./chain_strength_sweep_qpu_fixedemb_v113_opt1_r1to10_fullcs_chainbreak_true/logs/csopt1full_cbftrue_cs1p0_r10_20260408_021003_sample.log,./chain_strength_sweep_qpu_fixedemb_v113_opt1_r1to10_fullcs_chainbreak_true/logs/csopt1full_cbftrue_cs1p0_r10_20260408_021003_eval.log,true,true,true,true,true
1.25,10,csopt1full_cbftrue_cs1p25_r10_20260408_021003,ok,./chain_strength_sweep_qpu_fixedemb_v113_opt1_r1to10_fullcs_chainbreak_true/logs/csopt1full_cbftrue_cs1p25_r10_20260408_021003_sample.log,./chain_strength_sweep_qpu_fixedemb_v113_opt1_r1to10_fullcs_chainbreak_true/logs/csopt1full_cbftrue_cs1p25_r10_20260408_021003_eval.log,true,true,true,true,true
1.5,10,csopt1full_cbftrue_cs1p5_r10_20260408_021003,ok,./chain_strength_sweep_qpu_fixedemb_v113_opt1_r1to10_fullcs_chainbreak_true/logs/csopt1full_cbftrue_cs1p5_r10_20260408_021003_sample.log,./chain_strength_sweep_qpu_fixedemb_v113_opt1_r1to10_fullcs_chainbreak_true/logs/csopt1full_cbftrue_cs1p5_r10_20260408_021003_eval.log,true,true,true,true,true
2.0,10,csopt1full_cbftrue_cs2p0_r10_20260408_021003,ok,./chain_strength_sweep_qpu_fixedemb_v113_opt1_r1to10_fullcs_chainbreak_true/logs/csopt1full_cbftrue_cs2p0_r10_20260408_021003_sample.log,./chain_strength_sweep_qpu_fixedemb_v113_opt1_r1to10_fullcs_chainbreak_true/logs/csopt1full_cbftrue_cs2p0_r10_20260408_021003_eval.log,true,true,true,true,true
2.5,10,csopt1full_cbftrue_cs2p5_r10_20260408_021003,ok,./chain_strength_sweep_qpu_fixedemb_v113_opt1_r1to10_fullcs_chainbreak_true/logs/csopt1full_cbftrue_cs2p5_r10_20260408_021003_sample.log,./chain_strength_sweep_qpu_fixedemb_v113_opt1_r1to10_fullcs_chainbreak_true/logs/csopt1full_cbftrue_cs2p5_r10_20260408_021003_eval.log,true,true,true,true,true
3.0,10,csopt1full_cbftrue_cs3p0_r10_20260408_021003,ok,./chain_strength_sweep_qpu_fixedemb_v113_opt1_r1to10_fullcs_chainbreak_true/logs/csopt1full_cbftrue_cs3p0_r10_20260408_021003_sample.log,./chain_strength_sweep_qpu_fixedemb_v113_opt1_r1to10_fullcs_chainbreak_true/logs/csopt1full_cbftrue_cs3p0_r10_20260408_021003_eval.log,true,true,true,true,true
3.5,10,csopt1full_cbftrue_cs3p5_r10_20260408_021003,ok,./chain_strength_sweep_qpu_fixedemb_v113_opt1_r1to10_fullcs_chainbreak_true/logs/csopt1full_cbftrue_cs3p5_r10_20260408_021003_sample.log,./chain_strength_sweep_qpu_fixedemb_v113_opt1_r1to10_fullcs_chainbreak_true/logs/csopt1full_cbftrue_cs3p5_r10_20260408_021003_eval.log,true,true,true,true,true
4.0,10,csopt1full_cbftrue_cs4p0_r10_20260408_021003,ok,./chain_strength_sweep_qpu_fixedemb_v113_opt1_r1to10_fullcs_chainbreak_true/logs/csopt1full_cbftrue_cs4p0_r10_20260408_021003_sample.log,./chain_strength_sweep_qpu_fixedemb_v113_opt1_r1to10_fullcs_chainbreak_true/logs/csopt1full_cbftrue_cs4p0_r10_20260408_021003_eval.log,true,true,true,true,true
4.5,10,csopt1full_cbftrue_cs4p5_r10_20260408_021003,ok,./chain_strength_sweep_qpu_fixedemb_v113_opt1_r1to10_fullcs_chainbreak_true/logs/csopt1full_cbftrue_cs4p5_r10_20260408_021003_sample.log,./chain_strength_sweep_qpu_fixedemb_v113_opt1_r1to10_fullcs_chainbreak_true/logs/csopt1full_cbftrue_cs4p5_r10_20260408_021003_eval.log,true,true,true,true,true
5.0,10,csopt1full_cbftrue_cs5p0_r10_20260408_021003,ok,./chain_strength_sweep_qpu_fixedemb_v113_opt1_r1to10_fullcs_chainbreak_true/logs/csopt1full_cbftrue_cs5p0_r10_20260408_021003_sample.log,./chain_strength_sweep_qpu_fixedemb_v113_opt1_r1to10_fullcs_chainbreak_true/logs/csopt1full_cbftrue_cs5p0_r10_20260408_021003_eval.log,true,true,true,true,true
5.5,10,csopt1full_cbftrue_cs5p5_r10_20260408_021003,ok,./chain_strength_sweep_qpu_fixedemb_v113_opt1_r1to10_fullcs_chainbreak_true/logs/csopt1full_cbftrue_cs5p5_r10_20260408_021003_sample.log,./chain_strength_sweep_qpu_fixedemb_v113_opt1_r1to10_fullcs_chainbreak_true/logs/csopt1full_cbftrue_cs5p5_r10_20260408_021003_eval.log,true,true,true,true,true
6.0,10,csopt1full_cbftrue_cs6p0_r10_20260408_021003,ok,./chain_strength_sweep_qpu_fixedemb_v113_opt1_r1to10_fullcs_chainbreak_true/logs/csopt1full_cbftrue_cs6p0_r10_20260408_021003_sample.log,./chain_strength_sweep_qpu_fixedemb_v113_opt1_r1to10_fullcs_chainbreak_true/logs/csopt1full_cbftrue_cs6p0_r10_20260408_021003_eval.log,true,true,true,true,true
7.0,10,csopt1full_cbftrue_cs7p0_r10_20260408_021003,ok,./chain_strength_sweep_qpu_fixedemb_v113_opt1_r1to10_fullcs_chainbreak_true/logs/csopt1full_cbftrue_cs7p0_r10_20260408_021003_sample.log,./chain_strength_sweep_qpu_fixedemb_v113_opt1_r1to10_fullcs_chainbreak_true/logs/csopt1full_cbftrue_cs7p0_r10_20260408_021003_eval.log,true,true,true,true,true
8.0,10,csopt1full_cbftrue_cs8p0_r10_20260408_021003,ok,./chain_strength_sweep_qpu_fixedemb_v113_opt1_r1to10_fullcs_chainbreak_true/logs/csopt1full_cbftrue_cs8p0_r10_20260408_021003_sample.log,./chain_strength_sweep_qpu_fixedemb_v113_opt1_r1to10_fullcs_chainbreak_true/logs/csopt1full_cbftrue_cs8p0_r10_20260408_021003_eval.log,true,true,true,true,true
