Pose_ID,RMSD(A),Shape_Diff(A),Feasible,Success(<=2.0A)
1,3.0005,0.0,True,False
2,2.0935,0.0,True,False
3,1.4788,0.0,True,True
4,2.2387,0.0,True,False
5,2.8626,0.0,True,False
6,2.8626,0.0,True,False
7,1.533,0.0,True,True
8,1.533,0.0,True,True
9,1.533,0.0,True,True
10,1.533,0.0,True,True
11,1.533,0.0,True,True
12,1.533,0.0,True,True
13,1.533,0.0,True,True
14,1.533,0.0,True,True
15,1.533,0.0,True,True
16,1.533,0.0,True,True
17,1.533,0.0,True,True
18,1.533,0.0,True,True
19,1.533,0.0,True,True
20,1.533,0.0,True,True
21,1.533,0.0,True,True
22,1.533,0.0,True,True
23,1.533,0.0,True,True
24,1.533,0.0,True,True
25,1.533,0.0,True,True
26,1.533,0.0,True,True
27,1.533,0.0,True,True
28,1.533,0.0,True,True
29,1.533,0.0,True,True
30,1.533,0.0,True,True
31,1.533,0.0,True,True
32,1.533,0.0,True,True
33,1.533,0.0,True,True
34,1.533,0.0,True,True
35,1.533,0.0,True,True
36,1.533,0.0,True,True
37,1.533,0.0,True,True
38,1.533,0.0,True,True
39,1.533,0.0,True,True
40,1.533,0.0,True,True
41,1.533,0.0,True,True
42,1.533,0.0,True,True
43,1.533,0.0,True,True
44,1.533,0.0,True,True
45,1.533,0.0,True,True
46,1.533,0.0,True,True
47,1.533,0.0,True,True
48,1.533,0.0,True,True
49,1.533,0.0,True,True
50,1.533,0.0,True,True
51,1.533,0.0,True,True
52,1.533,0.0,True,True
53,1.533,0.0,True,True
54,1.533,0.0,True,True
55,1.3233,0.0,True,True
56,1.5541,0.0,True,True
57,2.8451,0.0,True,False
58,1.658,0.0,True,True
59,1.5431,0.0,True,True
60,1.4149,0.0,True,True
61,1.3841,0.0,True,True
62,1.5187,0.0,True,True
63,1.5187,0.0,True,True
64,1.5187,0.0,True,True
65,1.5187,0.0,True,True
66,1.5187,0.0,True,True
67,1.5187,0.0,True,True
68,1.427,0.0,True,True
69,1.493,0.0,True,True
70,3.3222,0.0,True,False
71,2.2187,0.0,True,False
72,1.8299,0.0,True,True
73,1.8299,0.0,True,True
74,1.8299,0.0,True,True
75,1.8299,0.0,True,True
76,1.8299,0.0,True,True
77,1.8299,0.0,True,True
78,1.8299,0.0,True,True
79,1.8299,0.0,True,True
80,1.8299,0.0,True,True
81,1.8299,0.0,True,True
82,1.6116,0.0,True,True
83,1.6116,0.0,True,True
84,1.6116,0.0,True,True
85,1.6116,0.0,True,True
86,1.6116,0.0,True,True
87,1.6116,0.0,True,True
88,1.6116,0.0,True,True
89,1.6116,0.0,True,True
90,1.6116,0.0,True,True
91,1.6116,0.0,True,True
92,1.6116,0.0,True,True
93,1.6116,0.0,True,True
94,1.6116,0.0,True,True
95,1.6116,0.0,True,True
96,1.6116,0.0,True,True
97,1.6116,0.0,True,True
98,1.6116,0.0,True,True
99,1.6116,0.0,True,True
100,1.6116,0.0,True,True
101,1.6116,0.0,True,True
102,1.6116,0.0,True,True
103,1.6116,0.0,True,True
104,1.6116,0.0,True,True
105,1.6116,0.0,True,True
106,1.6116,0.0,True,True
107,1.6116,0.0,True,True
108,1.6116,0.0,True,True
109,1.6116,0.0,True,True
110,1.6116,0.0,True,True
111,1.6116,0.0,True,True
112,1.6116,0.0,True,True
113,1.6116,0.0,True,True
114,1.6116,0.0,True,True
115,1.6116,0.0,True,True
116,1.6116,0.0,True,True
117,1.6116,0.0,True,True
118,1.6116,0.0,True,True
119,1.6116,0.0,True,True
120,1.6116,0.0,True,True
121,1.6116,0.0,True,True
122,1.6116,0.0,True,True
123,1.6116,0.0,True,True
124,1.6116,0.0,True,True
125,1.6116,0.0,True,True
126,1.6116,0.0,True,True
127,1.6116,0.0,True,True
128,1.6116,0.0,True,True
129,1.4654,0.0,True,True
130,1.4654,0.0,True,True
131,2.4673,0.0,True,False
132,2.4673,0.0,True,False
133,2.4673,0.0,True,False
134,2.4673,0.0,True,False
135,2.2444,0.0,True,False
136,1.8328,0.0,True,True
137,1.7662,0.0,True,True
138,1.7662,0.0,True,True
139,1.7662,0.0,True,True
140,1.7662,0.0,True,True
141,1.7662,0.0,True,True
142,1.7662,0.0,True,True
143,2.0258,0.0,True,False
144,1.7662,0.0,True,True
145,1.7662,0.0,True,True
146,1.7662,0.0,True,True
147,1.7662,0.0,True,True
148,1.7662,0.0,True,True
149,1.7662,0.0,True,True
150,1.7662,0.0,True,True
151,1.7662,0.0,True,True
152,1.7662,0.0,True,True
153,1.7662,0.0,True,True
154,1.7662,0.0,True,True
155,1.7662,0.0,True,True
156,1.7662,0.0,True,True
157,1.7662,0.0,True,True
158,1.7662,0.0,True,True
159,1.7662,0.0,True,True
160,1.7662,0.0,True,True
161,1.7662,0.0,True,True
162,1.7662,0.0,True,True
163,2.0017,0.0,True,False
164,1.4905,0.0,True,True
165,3.1849,0.0,True,False
166,3.1849,0.0,True,False
167,2.1108,0.0,True,False
168,2.1108,0.0,True,False
169,2.4567,0.0,True,False
170,1.2445,0.0,True,True
171,1.2445,0.0,True,True
172,1.3497,0.0,True,True
173,1.8438,0.0,True,True
174,1.8438,0.0,True,True
175,1.8438,0.0,True,True
176,1.8438,0.0,True,True
177,1.8438,0.0,True,True
178,1.8438,0.0,True,True
179,1.8438,0.0,True,True
180,1.8438,0.0,True,True
181,1.8438,0.0,True,True
182,1.8438,0.0,True,True
183,1.527,0.0,True,True
184,1.527,0.0,True,True
185,1.527,0.0,True,True
186,1.527,0.0,True,True
187,1.527,0.0,True,True
188,1.527,0.0,True,True
189,1.527,0.0,True,True
190,1.527,0.0,True,True
191,1.527,0.0,True,True
192,1.527,0.0,True,True
193,1.527,0.0,True,True
194,1.527,0.0,True,True
195,1.527,0.0,True,True
196,1.527,0.0,True,True
197,1.527,0.0,True,True
198,1.527,0.0,True,True
199,1.527,0.0,True,True
200,1.527,0.0,True,True
201,1.527,0.0,True,True
202,1.527,0.0,True,True
203,3.7549,0.0,True,False
204,2.2578,0.0,True,False
205,2.2578,0.0,True,False
206,2.2578,0.0,True,False
207,1.3799,0.0,True,True
208,1.3799,0.0,True,True
209,1.3799,0.0,True,True
210,1.3799,0.0,True,True
211,1.3799,0.0,True,True
212,1.3799,0.0,True,True
213,1.3799,0.0,True,True
214,1.3799,0.0,True,True
215,1.3799,0.0,True,True
216,1.3799,0.0,True,True
217,1.3799,0.0,True,True
218,1.3799,0.0,True,True
219,1.3799,0.0,True,True
220,1.3799,0.0,True,True
221,1.3799,0.0,True,True
222,1.3799,0.0,True,True
223,1.3799,0.0,True,True
224,1.3799,0.0,True,True
225,1.3799,0.0,True,True
226,1.3799,0.0,True,True
227,1.3799,0.0,True,True
228,1.3799,0.0,True,True
229,1.3799,0.0,True,True
230,1.3799,0.0,True,True
231,1.3799,0.0,True,True
232,1.3799,0.0,True,True
233,1.3799,0.0,True,True
234,1.3799,0.0,True,True
235,1.3799,0.0,True,True
236,1.3799,0.0,True,True
237,1.3799,0.0,True,True
238,1.3799,0.0,True,True
239,1.3799,0.0,True,True
240,1.3799,0.0,True,True
241,1.3799,0.0,True,True
242,1.3799,0.0,True,True
243,1.3799,0.0,True,True
244,1.3799,0.0,True,True
245,1.3799,0.0,True,True
246,1.3799,0.0,True,True
247,1.3799,0.0,True,True
248,1.3799,0.0,True,True
249,1.3799,0.0,True,True
250,1.3799,0.0,True,True
251,1.3799,0.0,True,True
252,1.3799,0.0,True,True
253,1.3799,0.0,True,True
254,1.3799,0.0,True,True
255,1.3799,0.0,True,True
256,1.3799,0.0,True,True
257,1.3799,0.0,True,True
258,1.3799,0.0,True,True
259,1.3799,0.0,True,True
260,1.3799,0.0,True,True
261,1.3799,0.0,True,True
262,1.3799,0.0,True,True
263,1.3799,0.0,True,True
264,1.3799,0.0,True,True
265,1.3799,0.0,True,True
266,1.3799,0.0,True,True
267,1.3799,0.0,True,True
268,1.3799,0.0,True,True
269,1.3799,0.0,True,True
270,1.3799,0.0,True,True
271,1.3799,0.0,True,True
272,1.3799,0.0,True,True
273,1.3799,0.0,True,True
274,1.3799,0.0,True,True
275,1.3799,0.0,True,True
276,1.3799,0.0,True,True
277,1.3799,0.0,True,True
278,1.3799,0.0,True,True
279,1.3799,0.0,True,True
280,1.3799,0.0,True,True
281,1.3799,0.0,True,True
282,1.3799,0.0,True,True
283,1.3799,0.0,True,True
284,1.3799,0.0,True,True
285,1.3799,0.0,True,True
286,1.3799,0.0,True,True
287,1.3799,0.0,True,True
288,1.3799,0.0,True,True
289,1.3799,0.0,True,True
290,1.3799,0.0,True,True
291,1.3799,0.0,True,True
292,1.3799,0.0,True,True
293,1.3799,0.0,True,True
294,1.3799,0.0,True,True
295,1.3799,0.0,True,True
296,1.3799,0.0,True,True
297,1.3799,0.0,True,True
298,1.3799,0.0,True,True
299,1.3799,0.0,True,True
300,1.3799,0.0,True,True
301,1.3799,0.0,True,True
302,1.3799,0.0,True,True
303,1.3799,0.0,True,True
304,1.3799,0.0,True,True
305,1.3799,0.0,True,True
306,1.3799,0.0,True,True
307,1.3799,0.0,True,True
308,1.3799,0.0,True,True
309,1.3799,0.0,True,True
310,1.3799,0.0,True,True
311,1.3799,0.0,True,True
312,1.3799,0.0,True,True
313,1.3799,0.0,True,True
314,1.3799,0.0,True,True
315,1.3799,0.0,True,True
316,1.3799,0.0,True,True
317,1.3799,0.0,True,True
318,1.3799,0.0,True,True
319,1.3799,0.0,True,True
320,1.3799,0.0,True,True
321,1.3799,0.0,True,True
322,1.3799,0.0,True,True
323,1.3799,0.0,True,True
324,1.3799,0.0,True,True
325,1.3799,0.0,True,True
326,1.3799,0.0,True,True
327,1.3799,0.0,True,True
328,1.3799,0.0,True,True
329,1.3799,0.0,True,True
330,3.9773,0.0,True,False
331,2.8951,0.0,True,False
332,2.548,0.0,True,False
333,3.0781,0.0,True,False
334,1.3623,0.0,True,True
335,2.4559,0.0,True,False
336,2.0475,0.0,True,False
337,2.0475,0.0,True,False
338,2.0567,0.0,True,False
339,1.6307,0.0,True,True
340,3.3163,0.0,True,False
341,1.7019,0.0,True,True
342,1.3291,0.0,True,True
343,1.6164,0.0,True,True
344,1.6047,0.0,True,True
345,2.0471,0.0,True,False
346,1.8169,0.0,True,True
347,1.4638,0.0,True,True
348,1.4638,0.0,True,True
349,1.4006,0.0,True,True
350,1.4006,0.0,True,True
351,1.4006,0.0,True,True
352,1.4006,0.0,True,True
353,1.4006,0.0,True,True
354,1.4006,0.0,True,True
355,1.7179,0.0,True,True
356,2.5066,0.0,True,False
357,1.3955,0.0,True,True
358,1.3955,0.0,True,True
359,2.0081,0.0,True,False
360,1.4082,0.0,True,True
361,1.4082,0.0,True,True
362,1.6892,0.0,True,True
363,1.5386,0.0,True,True
364,1.5386,0.0,True,True
365,1.5386,0.0,True,True
366,1.5386,0.0,True,True
367,1.5386,0.0,True,True
368,1.5386,0.0,True,True
369,1.7576,0.0,True,True
370,1.7576,0.0,True,True
371,1.7576,0.0,True,True
372,1.7576,0.0,True,True
373,1.7576,0.0,True,True
374,1.7576,0.0,True,True
375,1.7576,0.0,True,True
376,1.7576,0.0,True,True
377,1.7576,0.0,True,True
378,1.7576,0.0,True,True
379,1.7576,0.0,True,True
380,1.7576,0.0,True,True
381,1.7712,0.0,True,True
382,1.7712,0.0,True,True
383,1.7712,0.0,True,True
384,1.7712,0.0,True,True
385,1.7712,0.0,True,True
386,1.7712,0.0,True,True
387,1.7712,0.0,True,True
388,1.7712,0.0,True,True
389,1.8081,0.0,True,True
390,1.8081,0.0,True,True
391,1.8081,0.0,True,True
392,1.8081,0.0,True,True
393,1.8081,0.0,True,True
394,1.8081,0.0,True,True
395,1.8081,0.0,True,True
396,1.8081,0.0,True,True
397,1.8081,0.0,True,True
398,1.8081,0.0,True,True
399,1.8081,0.0,True,True
400,1.8081,0.0,True,True
401,1.6102,0.0,True,True
402,2.0625,0.0,True,False
403,1.7173,0.0,True,True
404,1.7173,0.0,True,True
405,1.6038,0.0,True,True
406,1.6038,0.0,True,True
407,1.6038,0.0,True,True
408,1.6038,0.0,True,True
409,1.6038,0.0,True,True
410,1.6038,0.0,True,True
411,1.6038,0.0,True,True
412,1.6038,0.0,True,True
413,1.6038,0.0,True,True
414,1.6038,0.0,True,True
415,1.6038,0.0,True,True
416,1.6038,0.0,True,True
417,1.6038,0.0,True,True
418,1.6038,0.0,True,True
419,1.6038,0.0,True,True
420,1.6038,0.0,True,True
421,1.6038,0.0,True,True
422,1.6038,0.0,True,True
423,1.6038,0.0,True,True
424,1.6038,0.0,True,True
425,1.6038,0.0,True,True
426,1.6038,0.0,True,True
427,1.4692,0.0,True,True
428,1.6592,0.0,True,True
429,1.6617,0.0,True,True
430,1.6617,0.0,True,True
431,1.6617,0.0,True,True
432,1.6617,0.0,True,True
433,1.6617,0.0,True,True
434,1.6617,0.0,True,True
435,1.6617,0.0,True,True
436,1.6617,0.0,True,True
437,1.6617,0.0,True,True
438,1.6617,0.0,True,True
439,1.6617,0.0,True,True
440,2.3006,0.0,True,False
441,1.6617,0.0,True,True
442,1.6617,0.0,True,True
443,1.6617,0.0,True,True
444,1.6617,0.0,True,True
445,2.6379,0.0,True,False
446,1.6617,0.0,True,True
447,2.3006,0.0,True,False
448,2.3006,0.0,True,False
449,2.3006,0.0,True,False
450,2.3006,0.0,True,False
451,1.6617,0.0,True,True
452,2.3006,0.0,True,False
453,1.6617,0.0,True,True
454,1.6617,0.0,True,True
455,1.6617,0.0,True,True
456,1.6617,0.0,True,True
457,1.6617,0.0,True,True
458,2.3006,0.0,True,False
459,1.6617,0.0,True,True
460,1.6617,0.0,True,True
461,1.6617,0.0,True,True
462,2.3006,0.0,True,False
463,1.6617,0.0,True,True
464,1.6617,0.0,True,True
465,1.6617,0.0,True,True
466,1.6617,0.0,True,True
467,1.6617,0.0,True,True
468,1.6617,0.0,True,True
469,1.6617,0.0,True,True
470,2.3006,0.0,True,False
471,1.6617,0.0,True,True
472,1.6617,0.0,True,True
473,1.6617,0.0,True,True
474,1.6617,0.0,True,True
475,2.3006,0.0,True,False
476,2.3006,0.0,True,False
477,2.3006,0.0,True,False
478,1.6617,0.0,True,True
479,1.6617,0.0,True,True
480,1.6617,0.0,True,True
481,1.6617,0.0,True,True
482,1.6617,0.0,True,True
483,2.3006,0.0,True,False
484,1.6617,0.0,True,True
485,1.6617,0.0,True,True
486,1.6617,0.0,True,True
487,2.3006,0.0,True,False
488,1.6617,0.0,True,True
489,1.6617,0.0,True,True
490,1.6617,0.0,True,True
491,1.6617,0.0,True,True
492,1.6617,0.0,True,True
493,1.6617,0.0,True,True
494,2.3006,0.0,True,False
495,1.6617,0.0,True,True
496,1.6617,0.0,True,True
497,1.6617,0.0,True,True
498,1.6617,0.0,True,True
499,2.3006,0.0,True,False
500,1.6617,0.0,True,True
501,1.6617,0.0,True,True
502,1.6617,0.0,True,True
503,2.3006,0.0,True,False
504,1.6617,0.0,True,True
505,1.6617,0.0,True,True
506,2.3006,0.0,True,False
507,2.3006,0.0,True,False
508,2.3006,0.0,True,False
509,1.6617,0.0,True,True
510,1.3774,0.0,True,True
511,1.3774,0.0,True,True
512,1.1967,0.0,True,True
513,1.476,0.0,True,True
514,1.476,0.0,True,True
515,1.6674,0.0,True,True
516,1.6674,0.0,True,True
517,1.476,0.0,True,True
518,1.6674,0.0,True,True
519,1.476,0.0,True,True
520,1.6674,0.0,True,True
521,1.6674,0.0,True,True
522,1.6674,0.0,True,True
523,1.476,0.0,True,True
524,1.6674,0.0,True,True
525,1.6674,0.0,True,True
526,1.6674,0.0,True,True
527,1.6674,0.0,True,True
528,2.6085,0.0,True,False
529,2.6085,0.0,True,False
530,2.6085,0.0,True,False
531,2.6085,0.0,True,False
532,2.9558,0.0,True,False
533,2.9558,0.0,True,False
534,1.9591,0.0,True,True
535,1.9591,0.0,True,True
536,1.9591,0.0,True,True
537,1.9591,0.0,True,True
538,1.7966,0.0,True,True
539,1.5801,0.0,True,True
540,1.5801,0.0,True,True
541,1.3686,0.0,True,True
542,1.3686,0.0,True,True
543,1.3686,0.0,True,True
544,1.3686,0.0,True,True
545,1.3878,0.0,True,True
546,1.3878,0.0,True,True
547,1.3878,0.0,True,True
548,1.3878,0.0,True,True
549,1.3878,0.0,True,True
550,1.3878,0.0,True,True
551,1.3878,0.0,True,True
552,1.3878,0.0,True,True
553,1.3878,0.0,True,True
554,1.3878,0.0,True,True
555,1.3878,0.0,True,True
556,1.3878,0.0,True,True
557,1.3878,0.0,True,True
558,1.3878,0.0,True,True
559,1.3878,0.0,True,True
560,1.3878,0.0,True,True
561,1.3878,0.0,True,True
562,1.3878,0.0,True,True
563,1.3878,0.0,True,True
564,1.3878,0.0,True,True
565,1.3878,0.0,True,True
566,1.3878,0.0,True,True
567,1.3878,0.0,True,True
568,1.3878,0.0,True,True
569,1.3878,0.0,True,True
570,1.3878,0.0,True,True
571,1.3878,0.0,True,True
572,1.3878,0.0,True,True
573,1.3878,0.0,True,True
574,1.3878,0.0,True,True
575,1.3878,0.0,True,True
576,1.3878,0.0,True,True
577,1.3878,0.0,True,True
578,1.3878,0.0,True,True
579,1.3878,0.0,True,True
580,1.3878,0.0,True,True
581,1.3878,0.0,True,True
582,1.3878,0.0,True,True
583,1.3878,0.0,True,True
584,1.3878,0.0,True,True
585,1.3878,0.0,True,True
586,1.3878,0.0,True,True
587,1.3878,0.0,True,True
588,1.3878,0.0,True,True
589,1.3878,0.0,True,True
590,1.3878,0.0,True,True
591,1.3878,0.0,True,True
592,1.3878,0.0,True,True
593,1.6873,0.0,True,True
594,1.6873,0.0,True,True
595,1.6873,0.0,True,True
596,1.6873,0.0,True,True
597,1.6873,0.0,True,True
598,1.6873,0.0,True,True
599,2.7266,0.0,True,False
600,3.677,0.0,True,False
601,1.2814,0.0,True,True
602,1.4577,0.0,True,True
603,1.4577,0.0,True,True
604,1.4577,0.0,True,True
605,1.4577,0.0,True,True
606,1.4577,0.0,True,True
607,1.4577,0.0,True,True
608,1.4577,0.0,True,True
609,1.4577,0.0,True,True
610,1.4577,0.0,True,True
611,1.4577,0.0,True,True
612,1.4577,0.0,True,True
613,1.4577,0.0,True,True
614,1.4577,0.0,True,True
615,1.4577,0.0,True,True
616,1.4577,0.0,True,True
617,1.4577,0.0,True,True
618,1.4577,0.0,True,True
619,1.4577,0.0,True,True
620,1.4577,0.0,True,True
621,1.4577,0.0,True,True
622,1.4577,0.0,True,True
623,1.4577,0.0,True,True
624,1.4577,0.0,True,True
625,1.4577,0.0,True,True
626,1.4577,0.0,True,True
627,1.4577,0.0,True,True
628,1.4577,0.0,True,True
629,1.4577,0.0,True,True
630,1.4577,0.0,True,True
631,1.4577,0.0,True,True
632,1.4577,0.0,True,True
633,1.4577,0.0,True,True
634,1.4577,0.0,True,True
635,1.4577,0.0,True,True
636,1.4577,0.0,True,True
637,1.4577,0.0,True,True
638,1.4577,0.0,True,True
639,1.4577,0.0,True,True
640,1.4577,0.0,True,True
641,1.4577,0.0,True,True
642,1.4577,0.0,True,True
643,1.4577,0.0,True,True
644,1.4577,0.0,True,True
645,1.4577,0.0,True,True
646,1.4577,0.0,True,True
647,1.4577,0.0,True,True
648,1.4577,0.0,True,True
649,1.4577,0.0,True,True
650,1.4577,0.0,True,True
651,1.4577,0.0,True,True
652,1.4577,0.0,True,True
653,1.4577,0.0,True,True
654,1.4577,0.0,True,True
655,1.4577,0.0,True,True
656,1.4577,0.0,True,True
657,1.4577,0.0,True,True
658,1.4577,0.0,True,True
659,1.4577,0.0,True,True
660,1.4577,0.0,True,True
661,1.4577,0.0,True,True
662,1.4577,0.0,True,True
663,1.4577,0.0,True,True
664,1.4577,0.0,True,True
665,1.4577,0.0,True,True
666,1.4577,0.0,True,True
667,1.4577,0.0,True,True
668,1.4577,0.0,True,True
669,1.4577,0.0,True,True
670,1.4577,0.0,True,True
671,1.4577,0.0,True,True
672,1.4577,0.0,True,True
673,1.4577,0.0,True,True
674,1.4577,0.0,True,True
675,1.4577,0.0,True,True
676,1.4577,0.0,True,True
677,1.4577,0.0,True,True
678,1.4577,0.0,True,True
679,1.4577,0.0,True,True
680,1.4577,0.0,True,True
681,1.4577,0.0,True,True
682,1.4577,0.0,True,True
683,1.4577,0.0,True,True
684,1.3351,0.0,True,True
685,1.4577,0.0,True,True
686,1.4577,0.0,True,True
687,1.4577,0.0,True,True
688,1.4577,0.0,True,True
689,1.4577,0.0,True,True
690,1.4577,0.0,True,True
691,1.4577,0.0,True,True
692,1.4577,0.0,True,True
693,1.4577,0.0,True,True
694,1.4577,0.0,True,True
695,1.4577,0.0,True,True
696,1.4577,0.0,True,True
697,1.4577,0.0,True,True
698,1.4577,0.0,True,True
699,1.6368,0.0,True,True
700,1.4638,0.0,True,True
701,3.3412,0.0,True,False
702,1.6385,0.0,True,True
703,1.6385,0.0,True,True
704,1.569,0.0,True,True
705,2.27,0.0,True,False
706,2.8866,0.0,True,False
707,2.5242,0.0,True,False
708,2.5242,0.0,True,False
709,2.5242,0.0,True,False
710,1.7465,0.0,True,True
711,1.7465,0.0,True,True
712,2.3095,0.0,True,False
713,1.7465,0.0,True,True
714,1.7465,0.0,True,True
715,2.3095,0.0,True,False
716,1.7465,0.0,True,True
717,1.7465,0.0,True,True
718,1.7465,0.0,True,True
719,2.3095,0.0,True,False
720,1.7465,0.0,True,True
721,1.7465,0.0,True,True
722,1.7465,0.0,True,True
723,1.7465,0.0,True,True
724,1.7465,0.0,True,True
725,1.7465,0.0,True,True
726,1.7465,0.0,True,True
727,2.3095,0.0,True,False
728,1.7465,0.0,True,True
729,1.7465,0.0,True,True
730,1.7465,0.0,True,True
731,2.3095,0.0,True,False
732,1.7465,0.0,True,True
733,1.7465,0.0,True,True
734,1.7465,0.0,True,True
735,2.3095,0.0,True,False
736,1.7465,0.0,True,True
737,1.7465,0.0,True,True
738,1.7465,0.0,True,True
739,1.7465,0.0,True,True
740,1.7465,0.0,True,True
741,1.7465,0.0,True,True
742,3.3497,0.0,True,False
743,1.3918,0.0,True,True
744,1.4587,0.0,True,True
745,1.4004,0.0,True,True
746,1.4004,0.0,True,True
747,1.4431,0.0,True,True
748,1.4431,0.0,True,True
749,1.6748,0.0,True,True
750,1.6359,0.0,True,True
751,1.6359,0.0,True,True
752,1.5538,0.0,True,True
753,1.5538,0.0,True,True
754,1.5538,0.0,True,True
755,1.5538,0.0,True,True
756,1.5538,0.0,True,True
757,1.7535,0.0,True,True
758,1.7535,0.0,True,True
759,2.478,0.0,True,False
760,1.7535,0.0,True,True
761,1.7535,0.0,True,True
762,1.7535,0.0,True,True
763,1.7535,0.0,True,True
764,1.7535,0.0,True,True
765,1.7535,0.0,True,True
766,1.5729,0.0,True,True
767,1.5729,0.0,True,True
768,1.5729,0.0,True,True
769,1.7459,0.0,True,True
770,1.7459,0.0,True,True
771,1.7459,0.0,True,True
772,2.6709,0.0,True,False
773,1.9981,0.0,True,True
774,1.9981,0.0,True,True
775,1.9981,0.0,True,True
776,1.9981,0.0,True,True
777,2.0543,0.0,True,False
778,2.0543,0.0,True,False
779,2.0543,0.0,True,False
780,2.0543,0.0,True,False
781,2.0543,0.0,True,False
782,2.0543,0.0,True,False
783,2.0543,0.0,True,False
784,2.0543,0.0,True,False
785,2.0543,0.0,True,False
786,2.0543,0.0,True,False
787,2.0543,0.0,True,False
788,2.0543,0.0,True,False
789,2.0543,0.0,True,False
790,2.0543,0.0,True,False
791,2.4364,0.0,True,False
792,2.0543,0.0,True,False
793,2.0543,0.0,True,False
794,2.0543,0.0,True,False
795,2.0543,0.0,True,False
796,2.0543,0.0,True,False
797,2.0543,0.0,True,False
798,2.0543,0.0,True,False
799,2.0543,0.0,True,False
800,2.0543,0.0,True,False
801,2.0543,0.0,True,False
802,2.0543,0.0,True,False
803,2.0543,0.0,True,False
804,2.0543,0.0,True,False
805,2.0543,0.0,True,False
806,2.0543,0.0,True,False
807,2.0543,0.0,True,False
808,2.0543,0.0,True,False
809,2.0543,0.0,True,False
810,2.0543,0.0,True,False
811,2.0543,0.0,True,False
812,1.4438,0.0,True,True
813,1.4438,0.0,True,True
814,1.4438,0.0,True,True
815,1.4438,0.0,True,True
816,1.4438,0.0,True,True
817,1.4438,0.0,True,True
818,1.4438,0.0,True,True
819,1.4438,0.0,True,True
820,1.4438,0.0,True,True
821,1.4438,0.0,True,True
822,1.4438,0.0,True,True
823,1.4438,0.0,True,True
824,1.4438,0.0,True,True
825,1.4438,0.0,True,True
826,1.4438,0.0,True,True
827,1.4438,0.0,True,True
828,1.4438,0.0,True,True
829,1.4438,0.0,True,True
830,1.4438,0.0,True,True
831,1.4438,0.0,True,True
832,1.4438,0.0,True,True
833,1.4438,0.0,True,True
834,1.4438,0.0,True,True
835,1.4438,0.0,True,True
836,1.4438,0.0,True,True
837,1.4438,0.0,True,True
838,1.4428,0.0,True,True
839,1.6834,0.0,True,True
840,1.3263,0.0,True,True
841,1.3263,0.0,True,True
842,1.3263,0.0,True,True
843,1.6244,0.0,True,True
844,1.6244,0.0,True,True
845,1.6244,0.0,True,True
846,1.6244,0.0,True,True
847,1.6244,0.0,True,True
848,1.6244,0.0,True,True
849,1.6244,0.0,True,True
850,1.816,0.0,True,True
851,1.6244,0.0,True,True
852,1.6244,0.0,True,True
853,1.6244,0.0,True,True
854,1.6244,0.0,True,True
855,1.6244,0.0,True,True
856,1.6244,0.0,True,True
857,1.6244,0.0,True,True
858,1.6244,0.0,True,True
859,1.6244,0.0,True,True
860,1.6244,0.0,True,True
861,1.6244,0.0,True,True
862,1.6244,0.0,True,True
863,1.6244,0.0,True,True
864,1.6244,0.0,True,True
865,1.6244,0.0,True,True
866,1.6244,0.0,True,True
867,1.6244,0.0,True,True
868,1.6244,0.0,True,True
869,1.6244,0.0,True,True
870,1.6244,0.0,True,True
871,1.6244,0.0,True,True
872,1.6244,0.0,True,True
873,1.6244,0.0,True,True
874,1.5888,0.0,True,True
875,1.5888,0.0,True,True
876,1.5888,0.0,True,True
877,1.5888,0.0,True,True
878,1.5888,0.0,True,True
879,1.5888,0.0,True,True
880,1.5888,0.0,True,True
881,1.5888,0.0,True,True
882,1.5888,0.0,True,True
883,1.5888,0.0,True,True
884,1.5888,0.0,True,True
885,1.5888,0.0,True,True
886,1.5888,0.0,True,True
887,3.7377,0.0,True,False
888,1.8241,0.0,True,True
889,1.6539,0.0,True,True
890,1.4662,0.0,True,True
891,1.4662,0.0,True,True
892,1.4662,0.0,True,True
893,1.4662,0.0,True,True
894,1.4662,0.0,True,True
895,1.4662,0.0,True,True
896,1.4662,0.0,True,True
897,1.4662,0.0,True,True
898,1.4662,0.0,True,True
899,1.4662,0.0,True,True
900,1.4662,0.0,True,True
901,1.4662,0.0,True,True
902,1.4662,0.0,True,True
903,1.4662,0.0,True,True
904,1.4662,0.0,True,True
905,1.4662,0.0,True,True
906,1.4662,0.0,True,True
907,1.4662,0.0,True,True
908,1.4662,0.0,True,True
909,1.4662,0.0,True,True
910,1.4662,0.0,True,True
911,1.4662,0.0,True,True
912,1.4662,0.0,True,True
913,1.4662,0.0,True,True
914,1.4662,0.0,True,True
915,1.4662,0.0,True,True
916,1.4662,0.0,True,True
917,1.4662,0.0,True,True
918,1.4662,0.0,True,True
919,1.4662,0.0,True,True
920,1.4662,0.0,True,True
921,1.4662,0.0,True,True
922,1.4662,0.0,True,True
923,1.4662,0.0,True,True
924,1.4662,0.0,True,True
925,1.4662,0.0,True,True
926,1.4662,0.0,True,True
927,1.4662,0.0,True,True
928,1.4662,0.0,True,True
929,1.4662,0.0,True,True
930,1.4662,0.0,True,True
931,1.4662,0.0,True,True
932,1.4662,0.0,True,True
933,1.4662,0.0,True,True
934,1.4662,0.0,True,True
935,1.4662,0.0,True,True
936,3.5098,0.0,True,False
937,2.2482,0.0,True,False
938,2.2482,0.0,True,False
939,2.2482,0.0,True,False
940,2.2482,0.0,True,False
941,1.6039,0.0,True,True
942,1.4729,0.0,True,True
943,1.4729,0.0,True,True
944,1.4729,0.0,True,True
945,1.4729,0.0,True,True
946,1.4729,0.0,True,True
947,1.4729,0.0,True,True
948,1.4729,0.0,True,True
949,1.4729,0.0,True,True
950,1.4729,0.0,True,True
951,1.4729,0.0,True,True
952,1.4729,0.0,True,True
953,1.4729,0.0,True,True
954,1.6487,0.0,True,True
955,1.6487,0.0,True,True
956,1.6487,0.0,True,True
957,1.4645,0.0,True,True
958,1.4645,0.0,True,True
959,1.4645,0.0,True,True
960,1.576,0.0,True,True
961,1.576,0.0,True,True
962,1.576,0.0,True,True
963,1.576,0.0,True,True
964,1.3662,0.0,True,True
965,1.3662,0.0,True,True
966,1.3662,0.0,True,True
967,1.8357,0.0,True,True
968,1.3986,0.0,True,True
969,1.3986,0.0,True,True
970,2.261,0.0,True,False
971,1.9139,0.0,True,True
972,2.261,0.0,True,False
973,1.5268,0.0,True,True
974,1.5112,0.0,True,True
975,1.5268,0.0,True,True
976,1.5112,0.0,True,True
977,1.5268,0.0,True,True
978,1.5268,0.0,True,True
979,1.5112,0.0,True,True
980,1.5268,0.0,True,True
981,1.5268,0.0,True,True
982,1.5268,0.0,True,True
983,1.5268,0.0,True,True
984,1.5268,0.0,True,True
985,1.5268,0.0,True,True
986,1.5112,0.0,True,True
987,1.5112,0.0,True,True
988,1.5268,0.0,True,True
989,1.465,0.0,True,True
990,1.6933,0.0,True,True
991,2.0699,0.0,True,False
992,1.6933,0.0,True,True
993,2.0699,0.0,True,False
994,2.089,0.0,True,False
995,1.6389,0.0,True,True
996,1.4506,0.0,True,True
997,1.8924,0.0,True,True
998,1.368,0.0,True,True
999,1.4298,0.0,True,True
1000,1.5561,0.0,True,True
