ligand,case_name,run_tag,mode,variant,setting,quality,tts_0p99_sec,validity_rate,success_rate,embedding_cached,n_reads,n_report_rows,n_valid,n_success_valid
3nq9,3nq9_Kdist7.500_Kmono19.000,asuite_anneal_schedule_linear_3nq9_at800_cs1p0_r1_20260409_180305,anneal_schedule,linear,anneal_schedule|linear,0.931,0.0017039294240024,0.948,0.9820675105485231,True,1000,948,948,931
4jsz,4jsz_Kdist0.500_Kmono1.000,asuite_anneal_schedule_linear_4jsz_at800_cs0p75_r1_20260409_180305,anneal_schedule,linear,anneal_schedule|linear,0.893,0.0020452400798182,1.0,0.893,True,1000,1000,1000,893
3nq9,3nq9_Kdist7.500_Kmono19.000,asuite_anneal_schedule_cubic_smoothstep_3nq9_at800_cs1p0_r1_20260409_180305,anneal_schedule,cubic_smoothstep,anneal_schedule|cubic_smoothstep,0.923,0.0017769759486794,0.943,0.9787910922587488,True,1000,943,943,923
4jsz,4jsz_Kdist0.500_Kmono1.000,asuite_anneal_schedule_cubic_smoothstep_4jsz_at800_cs0p75_r1_20260409_180305,anneal_schedule,cubic_smoothstep,anneal_schedule|cubic_smoothstep,0.884,0.0021220460194614,1.0,0.884,True,1000,1000,1000,884
3nq9,3nq9_Kdist7.500_Kmono19.000,asuite_anneal_schedule_fourier_3nq9_at800_cs1p0_r1_20260409_180305,anneal_schedule,fourier,anneal_schedule|fourier,0.922,0.0017859640406167,0.941,0.9798087141339,True,1000,941,941,922
4jsz,4jsz_Kdist0.500_Kmono1.000,asuite_anneal_schedule_fourier_4jsz_at800_cs0p75_r1_20260409_180305,anneal_schedule,fourier,anneal_schedule|fourier,0.891,0.0020624536160123,1.0,0.891,True,1000,1000,1000,891
3nq9,3nq9_Kdist7.500_Kmono19.000,asuite_anneal_schedule_lowpass_linear_3nq9_at800_cs1p0_r1_20260409_180305,anneal_schedule,lowpass_linear,anneal_schedule|lowpass_linear,0.935,0.0016668363771697,0.954,0.980083857442348,True,1000,954,954,935
4jsz,4jsz_Kdist0.500_Kmono1.000,asuite_anneal_schedule_lowpass_linear_4jsz_at800_cs0p75_r1_20260409_180305,anneal_schedule,lowpass_linear,anneal_schedule|lowpass_linear,0.859,0.0023334600359867,1.0,0.859,True,1000,1000,1000,859
3nq9,3nq9_Kdist7.500_Kmono19.000,asuite_anneal_schedule_bangbang_monotone_3nq9_at800_cs1p0_r1_20260409_180305,anneal_schedule,bangbang_monotone,anneal_schedule|bangbang_monotone,0.855,0.0023593175615442,0.965,0.8860103626943006,True,1000,965,965,855
4jsz,4jsz_Kdist0.500_Kmono1.000,asuite_anneal_schedule_bangbang_monotone_4jsz_at800_cs0p75_r1_20260409_180305,anneal_schedule,bangbang_monotone,anneal_schedule|bangbang_monotone,0.801,0.0028313369612101,1.0,0.801,True,1000,1000,1000,801
3nq9,3nq9_Kdist7.500_Kmono19.000,asuite_anneal_schedule_pause_quench_3nq9_at800_cs1p0_r1_20260409_180305,anneal_schedule,pause_quench,anneal_schedule|pause_quench,0.955,0.0014690953251625,0.965,0.9896373056994818,True,1000,965,965,955
4jsz,4jsz_Kdist0.500_Kmono1.000,asuite_anneal_schedule_pause_quench_4jsz_at800_cs0p75_r1_20260409_180305,anneal_schedule,pause_quench,anneal_schedule|pause_quench,0.859,0.0023332719734639,1.0,0.859,True,1000,1000,1000,859
3nq9,3nq9_Kdist7.500_Kmono19.000,asuite_anneal_schedule_linear_3nq9_at800_cs1p0_r2_20260409_180305,anneal_schedule,linear,anneal_schedule|linear,0.922,0.001785819623954,0.955,0.9654450261780104,True,1000,955,955,922
4jsz,4jsz_Kdist0.500_Kmono1.000,asuite_anneal_schedule_linear_4jsz_at800_cs0p75_r2_20260409_180305,anneal_schedule,linear,anneal_schedule|linear,0.892,0.0020537885254981,1.0,0.892,True,1000,1000,1000,892
3nq9,3nq9_Kdist7.500_Kmono19.000,asuite_anneal_schedule_cubic_smoothstep_3nq9_at800_cs1p0_r2_20260409_180305,anneal_schedule,cubic_smoothstep,anneal_schedule|cubic_smoothstep,0.955,0.0014691844260794,0.967,0.9875904860392968,True,1000,967,967,955
4jsz,4jsz_Kdist0.500_Kmono1.000,asuite_anneal_schedule_cubic_smoothstep_4jsz_at800_cs0p75_r2_20260409_180305,anneal_schedule,cubic_smoothstep,anneal_schedule|cubic_smoothstep,0.849,0.0024180358803017,1.0,0.849,True,1000,1000,1000,849
3nq9,3nq9_Kdist7.500_Kmono19.000,asuite_anneal_schedule_fourier_3nq9_at800_cs1p0_r2_20260409_180305,anneal_schedule,fourier,anneal_schedule|fourier,0.937,0.0016479936913831,0.954,0.9821802935010482,True,1000,954,954,937
4jsz,4jsz_Kdist0.500_Kmono1.000,asuite_anneal_schedule_fourier_4jsz_at800_cs0p75_r2_20260409_180305,anneal_schedule,fourier,anneal_schedule|fourier,0.877,0.0021813804526908,1.0,0.877,True,1000,1000,1000,877
3nq9,3nq9_Kdist7.500_Kmono19.000,asuite_anneal_schedule_lowpass_linear_3nq9_at800_cs1p0_r2_20260409_180305,anneal_schedule,lowpass_linear,anneal_schedule|lowpass_linear,0.951,0.001510668253339,0.963,0.9875389408099688,True,1000,963,963,951
4jsz,4jsz_Kdist0.500_Kmono1.000,asuite_anneal_schedule_lowpass_linear_4jsz_at800_cs0p75_r2_20260409_180305,anneal_schedule,lowpass_linear,anneal_schedule|lowpass_linear,0.863,0.0022996762397786,1.0,0.863,True,1000,1000,1000,863
3nq9,3nq9_Kdist7.500_Kmono19.000,asuite_anneal_schedule_bangbang_monotone_3nq9_at800_cs1p0_r2_20260409_180305,anneal_schedule,bangbang_monotone,anneal_schedule|bangbang_monotone,0.881,0.0021402917372421,0.97,0.9082474226804124,True,1000,970,970,881
4jsz,4jsz_Kdist0.500_Kmono1.000,asuite_anneal_schedule_bangbang_monotone_4jsz_at800_cs0p75_r2_20260409_180305,anneal_schedule,bangbang_monotone,anneal_schedule|bangbang_monotone,0.803,0.0028137323450864,1.0,0.803,True,1000,1000,1000,803
3nq9,3nq9_Kdist7.500_Kmono19.000,asuite_anneal_schedule_pause_quench_3nq9_at800_cs1p0_r2_20260409_180305,anneal_schedule,pause_quench,anneal_schedule|pause_quench,0.942,0.0016000355739095,0.951,0.9905362776025236,True,1000,951,951,942
4jsz,4jsz_Kdist0.500_Kmono1.000,asuite_anneal_schedule_pause_quench_4jsz_at800_cs0p75_r2_20260409_180305,anneal_schedule,pause_quench,anneal_schedule|pause_quench,0.877,0.0021812046468469,1.0,0.877,True,1000,1000,1000,877
3nq9,3nq9_Kdist7.500_Kmono19.000,asuite_anneal_schedule_linear_3nq9_at800_cs1p0_r3_20260409_180305,anneal_schedule,linear,anneal_schedule|linear,0.934,0.0016760633958098,0.952,0.98109243697479,True,1000,952,952,934
4jsz,4jsz_Kdist0.500_Kmono1.000,asuite_anneal_schedule_linear_4jsz_at800_cs0p75_r3_20260409_180305,anneal_schedule,linear,anneal_schedule|linear,0.887,0.0020964177933626,1.0,0.887,True,1000,1000,1000,887
3nq9,3nq9_Kdist7.500_Kmono19.000,asuite_anneal_schedule_cubic_smoothstep_3nq9_at800_cs1p0_r3_20260409_180305,anneal_schedule,cubic_smoothstep,anneal_schedule|cubic_smoothstep,0.942,0.001600132616378,0.951,0.9905362776025236,True,1000,951,951,942
4jsz,4jsz_Kdist0.500_Kmono1.000,asuite_anneal_schedule_cubic_smoothstep_4jsz_at800_cs0p75_r3_20260409_180305,anneal_schedule,cubic_smoothstep,anneal_schedule|cubic_smoothstep,0.859,0.0023334600359867,1.0,0.859,True,1000,1000,1000,859
3nq9,3nq9_Kdist7.500_Kmono19.000,asuite_anneal_schedule_fourier_3nq9_at800_cs1p0_r3_20260409_180305,anneal_schedule,fourier,anneal_schedule|fourier,0.929,0.0017224753692822,0.95,0.9778947368421052,True,1000,950,950,929
4jsz,4jsz_Kdist0.500_Kmono1.000,asuite_anneal_schedule_fourier_4jsz_at800_cs0p75_r3_20260409_180305,anneal_schedule,fourier,anneal_schedule|fourier,0.891,0.0020624536160123,1.0,0.891,True,1000,1000,1000,891
3nq9,3nq9_Kdist7.500_Kmono19.000,asuite_anneal_schedule_lowpass_linear_3nq9_at800_cs1p0_r3_20260409_180305,anneal_schedule,lowpass_linear,anneal_schedule|lowpass_linear,0.932,0.0016948131095257,0.956,0.9748953974895398,True,1000,956,956,932
4jsz,4jsz_Kdist0.500_Kmono1.000,asuite_anneal_schedule_lowpass_linear_4jsz_at800_cs0p75_r3_20260409_180305,anneal_schedule,lowpass_linear,anneal_schedule|lowpass_linear,0.869,0.0022490071867265,1.0,0.869,True,1000,1000,1000,869
3nq9,3nq9_Kdist7.500_Kmono19.000,asuite_anneal_schedule_bangbang_monotone_3nq9_at800_cs1p0_r3_20260409_180305,anneal_schedule,bangbang_monotone,anneal_schedule|bangbang_monotone,0.877,0.0021740581392884,0.97,0.9041237113402062,True,1000,970,970,877
4jsz,4jsz_Kdist0.500_Kmono1.000,asuite_anneal_schedule_bangbang_monotone_4jsz_at800_cs0p75_r3_20260409_180305,anneal_schedule,bangbang_monotone,anneal_schedule|bangbang_monotone,0.788,0.0029468441094948,1.0,0.788,True,1000,1000,1000,788
3nq9,3nq9_Kdist7.500_Kmono19.000,asuite_anneal_schedule_pause_quench_3nq9_at800_cs1p0_r3_20260409_180305,anneal_schedule,pause_quench,anneal_schedule|pause_quench,0.939,0.0016288859782915,0.958,0.9801670146137788,True,1000,958,958,939
4jsz,4jsz_Kdist0.500_Kmono1.000,asuite_anneal_schedule_pause_quench_4jsz_at800_cs0p75_r3_20260409_180305,anneal_schedule,pause_quench,anneal_schedule|pause_quench,0.865,0.0022826035185529,1.0,0.865,True,1000,1000,1000,865
3nq9,3nq9_Kdist7.500_Kmono19.000,asuite_anneal_schedule_linear_3nq9_at800_cs1p0_r4_20260409_180305,anneal_schedule,linear,anneal_schedule|linear,0.92,0.0018037206120256,0.946,0.9725158562367864,True,1000,946,946,920
4jsz,4jsz_Kdist0.500_Kmono1.000,asuite_anneal_schedule_linear_4jsz_at800_cs0p75_r4_20260409_180305,anneal_schedule,linear,anneal_schedule|linear,0.904,0.0019505621384063,1.0,0.904,True,1000,1000,1000,904
3nq9,3nq9_Kdist7.500_Kmono19.000,asuite_anneal_schedule_cubic_smoothstep_3nq9_at800_cs1p0_r4_20260409_180305,anneal_schedule,cubic_smoothstep,anneal_schedule|cubic_smoothstep,0.93,0.0017132875937143,0.952,0.976890756302521,True,1000,952,952,930
4jsz,4jsz_Kdist0.500_Kmono1.000,asuite_anneal_schedule_cubic_smoothstep_4jsz_at800_cs0p75_r4_20260409_180305,anneal_schedule,cubic_smoothstep,anneal_schedule|cubic_smoothstep,0.896,0.0020196648364287,1.0,0.896,True,1000,1000,1000,896
3nq9,3nq9_Kdist7.500_Kmono19.000,asuite_anneal_schedule_fourier_3nq9_at800_cs1p0_r4_20260409_180305,anneal_schedule,fourier,anneal_schedule|fourier,0.946,0.001560957288853,0.958,0.9874739039665972,True,1000,958,958,946
4jsz,4jsz_Kdist0.500_Kmono1.000,asuite_anneal_schedule_fourier_4jsz_at800_cs0p75_r4_20260409_180305,anneal_schedule,fourier,anneal_schedule|fourier,0.893,0.0020453637126169,1.0,0.893,True,1000,1000,1000,893
3nq9,3nq9_Kdist7.500_Kmono19.000,asuite_anneal_schedule_lowpass_linear_3nq9_at800_cs1p0_r4_20260409_180305,anneal_schedule,lowpass_linear,anneal_schedule|lowpass_linear,0.945,0.0015708324797123,0.963,0.9813084112149532,True,1000,963,963,945
4jsz,4jsz_Kdist0.500_Kmono1.000,asuite_anneal_schedule_lowpass_linear_4jsz_at800_cs0p75_r4_20260409_180305,anneal_schedule,lowpass_linear,anneal_schedule|lowpass_linear,0.894,0.0020368063469872,1.0,0.894,True,1000,1000,1000,894
3nq9,3nq9_Kdist7.500_Kmono19.000,asuite_anneal_schedule_bangbang_monotone_3nq9_at800_cs1p0_r4_20260409_180305,anneal_schedule,bangbang_monotone,anneal_schedule|bangbang_monotone,0.887,0.0020895069780422,0.973,0.9116135662898252,True,1000,973,973,887
4jsz,4jsz_Kdist0.500_Kmono1.000,asuite_anneal_schedule_bangbang_monotone_4jsz_at800_cs0p75_r4_20260409_180305,anneal_schedule,bangbang_monotone,anneal_schedule|bangbang_monotone,0.83,0.0025796639822212,1.0,0.83,True,1000,1000,1000,830
3nq9,3nq9_Kdist7.500_Kmono19.000,asuite_anneal_schedule_pause_quench_3nq9_at800_cs1p0_r4_20260409_180305,anneal_schedule,pause_quench,anneal_schedule|pause_quench,0.955,0.0014690953251625,0.96,0.9947916666666666,True,1000,960,960,955
4jsz,4jsz_Kdist0.500_Kmono1.000,asuite_anneal_schedule_pause_quench_4jsz_at800_cs0p75_r4_20260409_180305,anneal_schedule,pause_quench,anneal_schedule|pause_quench,0.89,0.0020708200002914,1.0,0.89,True,1000,1000,1000,890
3nq9,3nq9_Kdist7.500_Kmono19.000,asuite_anneal_schedule_linear_3nq9_at800_cs1p0_r5_20260409_180305,anneal_schedule,linear,anneal_schedule|linear,0.935,0.0016667015934107,0.951,0.9831756046267088,True,1000,951,951,935
4jsz,4jsz_Kdist0.500_Kmono1.000,asuite_anneal_schedule_linear_4jsz_at800_cs0p75_r5_20260409_180305,anneal_schedule,linear,anneal_schedule|linear,0.89,0.0020708617274923,1.0,0.89,True,1000,1000,1000,890
3nq9,3nq9_Kdist7.500_Kmono19.000,asuite_anneal_schedule_cubic_smoothstep_3nq9_at800_cs1p0_r5_20260409_180305,anneal_schedule,cubic_smoothstep,anneal_schedule|cubic_smoothstep,0.944,0.0015806520808934,0.959,0.9843587069864442,True,1000,959,959,944
4jsz,4jsz_Kdist0.500_Kmono1.000,asuite_anneal_schedule_cubic_smoothstep_4jsz_at800_cs0p75_r5_20260409_180305,anneal_schedule,cubic_smoothstep,anneal_schedule|cubic_smoothstep,0.901,0.0019766355703837,1.0,0.901,True,1000,1000,1000,901
3nq9,3nq9_Kdist7.500_Kmono19.000,asuite_anneal_schedule_fourier_3nq9_at800_cs1p0_r5_20260409_180305,anneal_schedule,fourier,anneal_schedule|fourier,0.948,0.0015410314272946,0.96,0.9875,True,1000,960,960,948
4jsz,4jsz_Kdist0.500_Kmono1.000,asuite_anneal_schedule_fourier_4jsz_at800_cs0p75_r5_20260409_180305,anneal_schedule,fourier,anneal_schedule|fourier,0.891,0.0020624536160123,1.0,0.891,True,1000,1000,1000,891
3nq9,3nq9_Kdist7.500_Kmono19.000,asuite_anneal_schedule_lowpass_linear_3nq9_at800_cs1p0_r5_20260409_180305,anneal_schedule,lowpass_linear,anneal_schedule|lowpass_linear,0.938,0.0016385107512036,0.959,0.978102189781022,True,1000,959,959,938
4jsz,4jsz_Kdist0.500_Kmono1.000,asuite_anneal_schedule_lowpass_linear_4jsz_at800_cs0p75_r5_20260409_180305,anneal_schedule,lowpass_linear,anneal_schedule|lowpass_linear,0.884,0.0021220460194614,1.0,0.884,True,1000,1000,1000,884
3nq9,3nq9_Kdist7.500_Kmono19.000,asuite_anneal_schedule_bangbang_monotone_3nq9_at800_cs1p0_r5_20260409_180305,anneal_schedule,bangbang_monotone,anneal_schedule|bangbang_monotone,0.877,0.0021740581392884,0.968,0.90599173553719,True,1000,968,968,877
4jsz,4jsz_Kdist0.500_Kmono1.000,asuite_anneal_schedule_bangbang_monotone_4jsz_at800_cs0p75_r5_20260409_180305,anneal_schedule,bangbang_monotone,anneal_schedule|bangbang_monotone,0.83,0.0025796639822212,1.0,0.83,True,1000,1000,1000,830
3nq9,3nq9_Kdist7.500_Kmono19.000,asuite_anneal_schedule_pause_quench_3nq9_at800_cs1p0_r5_20260409_180305,anneal_schedule,pause_quench,anneal_schedule|pause_quench,0.944,0.0015805562198515,0.955,0.9884816753926702,True,1000,955,955,944
4jsz,4jsz_Kdist0.500_Kmono1.000,asuite_anneal_schedule_pause_quench_4jsz_at800_cs0p75_r5_20260409_180305,anneal_schedule,pause_quench,anneal_schedule|pause_quench,0.879,0.0021642733726182,1.0,0.879,True,1000,1000,1000,879
3nq9,3nq9_Kdist7.500_Kmono19.000,asuite_anneal_schedule_linear_3nq9_at800_cs1p0_r6_20260409_180305,anneal_schedule,linear,anneal_schedule|linear,0.957,0.0014478401234705,0.97,0.98659793814433,True,1000,970,970,957
4jsz,4jsz_Kdist0.500_Kmono1.000,asuite_anneal_schedule_linear_4jsz_at800_cs0p75_r6_20260409_180305,anneal_schedule,linear,anneal_schedule|linear,0.903,0.0019592260373455,1.0,0.903,True,1000,1000,1000,903
3nq9,3nq9_Kdist7.500_Kmono19.000,asuite_anneal_schedule_cubic_smoothstep_3nq9_at800_cs1p0_r6_20260409_180305,anneal_schedule,cubic_smoothstep,anneal_schedule|cubic_smoothstep,0.958,0.0014372095007467,0.971,0.9866117404737385,True,1000,971,971,958
4jsz,4jsz_Kdist0.500_Kmono1.000,asuite_anneal_schedule_cubic_smoothstep_4jsz_at800_cs0p75_r6_20260409_180305,anneal_schedule,cubic_smoothstep,anneal_schedule|cubic_smoothstep,0.899,0.0019938794985909,1.0,0.899,True,1000,1000,1000,899
3nq9,3nq9_Kdist7.500_Kmono19.000,asuite_anneal_schedule_fourier_3nq9_at800_cs1p0_r6_20260409_180305,anneal_schedule,fourier,anneal_schedule|fourier,0.962,0.0013932237335707,0.976,0.985655737704918,True,1000,976,976,962
4jsz,4jsz_Kdist0.500_Kmono1.000,asuite_anneal_schedule_fourier_4jsz_at800_cs0p75_r6_20260409_180305,anneal_schedule,fourier,anneal_schedule|fourier,0.898,0.0020024849142128,1.0,0.898,True,1000,1000,1000,898
3nq9,3nq9_Kdist7.500_Kmono19.000,asuite_anneal_schedule_lowpass_linear_3nq9_at800_cs1p0_r6_20260409_180305,anneal_schedule,lowpass_linear,anneal_schedule|lowpass_linear,0.944,0.0015806520808934,0.959,0.9843587069864442,True,1000,959,959,944
4jsz,4jsz_Kdist0.500_Kmono1.000,asuite_anneal_schedule_lowpass_linear_4jsz_at800_cs0p75_r6_20260409_180305,anneal_schedule,lowpass_linear,anneal_schedule|lowpass_linear,0.886,0.0021050508030004,1.0,0.886,True,1000,1000,1000,886
3nq9,3nq9_Kdist7.500_Kmono19.000,asuite_anneal_schedule_bangbang_monotone_3nq9_at800_cs1p0_r6_20260409_180305,anneal_schedule,bangbang_monotone,anneal_schedule|bangbang_monotone,0.858,0.0023340474168189,0.969,0.8854489164086687,True,1000,969,969,858
4jsz,4jsz_Kdist0.500_Kmono1.000,asuite_anneal_schedule_bangbang_monotone_4jsz_at800_cs0p75_r6_20260409_180305,anneal_schedule,bangbang_monotone,anneal_schedule|bangbang_monotone,0.835,0.0025369232814088,1.0,0.835,True,1000,1000,1000,835
3nq9,3nq9_Kdist7.500_Kmono19.000,asuite_anneal_schedule_pause_quench_3nq9_at800_cs1p0_r6_20260409_180305,anneal_schedule,pause_quench,anneal_schedule|pause_quench,0.939,0.0016288859782915,0.951,0.9873817034700316,True,1000,951,951,939
4jsz,4jsz_Kdist0.500_Kmono1.000,asuite_anneal_schedule_pause_quench_4jsz_at800_cs0p75_r6_20260409_180305,anneal_schedule,pause_quench,anneal_schedule|pause_quench,0.897,0.0020109178037098,1.0,0.897,True,1000,1000,1000,897
3nq9,3nq9_Kdist7.500_Kmono19.000,asuite_anneal_schedule_linear_3nq9_at800_cs1p0_r7_20260409_180305,anneal_schedule,linear,anneal_schedule|linear,0.955,0.0014690656248568,0.97,0.9845360824742267,True,1000,970,970,955
4jsz,4jsz_Kdist0.500_Kmono1.000,asuite_anneal_schedule_linear_4jsz_at800_cs0p75_r7_20260409_180305,anneal_schedule,linear,anneal_schedule|linear,0.909,0.001907033752693,1.0,0.909,True,1000,1000,1000,909
3nq9,3nq9_Kdist7.500_Kmono19.000,asuite_anneal_schedule_cubic_smoothstep_3nq9_at800_cs1p0_r7_20260409_180305,anneal_schedule,cubic_smoothstep,anneal_schedule|cubic_smoothstep,0.954,0.0014796715560414,0.975,0.9784615384615384,True,1000,975,975,954
4jsz,4jsz_Kdist0.500_Kmono1.000,asuite_anneal_schedule_cubic_smoothstep_4jsz_at800_cs0p75_r7_20260409_180305,anneal_schedule,cubic_smoothstep,anneal_schedule|cubic_smoothstep,0.888,0.0020880320066388,1.0,0.888,True,1000,1000,1000,888
3nq9,3nq9_Kdist7.500_Kmono19.000,asuite_anneal_schedule_fourier_3nq9_at800_cs1p0_r7_20260409_180305,anneal_schedule,fourier,anneal_schedule|fourier,0.946,0.001560957288853,0.955,0.9905759162303664,True,1000,955,955,946
4jsz,4jsz_Kdist0.500_Kmono1.000,asuite_anneal_schedule_fourier_4jsz_at800_cs0p75_r7_20260409_180305,anneal_schedule,fourier,anneal_schedule|fourier,0.883,0.0021305356062961,1.0,0.883,True,1000,1000,1000,883
3nq9,3nq9_Kdist7.500_Kmono19.000,asuite_anneal_schedule_lowpass_linear_3nq9_at800_cs1p0_r7_20260409_180305,anneal_schedule,lowpass_linear,anneal_schedule|lowpass_linear,0.939,0.0016289847705426,0.95,0.988421052631579,True,1000,950,950,939
4jsz,4jsz_Kdist0.500_Kmono1.000,asuite_anneal_schedule_lowpass_linear_4jsz_at800_cs0p75_r7_20260409_180305,anneal_schedule,lowpass_linear,anneal_schedule|lowpass_linear,0.886,0.0021050508030004,1.0,0.886,True,1000,1000,1000,886
3nq9,3nq9_Kdist7.500_Kmono19.000,asuite_anneal_schedule_bangbang_monotone_3nq9_at800_cs1p0_r7_20260409_180305,anneal_schedule,bangbang_monotone,anneal_schedule|bangbang_monotone,0.847,0.0024268102590705,0.955,0.8869109947643979,True,1000,955,955,847
4jsz,4jsz_Kdist0.500_Kmono1.000,asuite_anneal_schedule_bangbang_monotone_4jsz_at800_cs0p75_r7_20260409_180305,anneal_schedule,bangbang_monotone,anneal_schedule|bangbang_monotone,0.777,0.0030461838479956,1.0,0.777,True,1000,1000,1000,777
3nq9,3nq9_Kdist7.500_Kmono19.000,asuite_anneal_schedule_pause_quench_3nq9_at800_cs1p0_r7_20260409_180305,anneal_schedule,pause_quench,anneal_schedule|pause_quench,0.932,0.0016947103250152,0.942,0.989384288747346,True,1000,942,942,932
4jsz,4jsz_Kdist0.500_Kmono1.000,asuite_anneal_schedule_pause_quench_4jsz_at800_cs0p75_r7_20260409_180305,anneal_schedule,pause_quench,anneal_schedule|pause_quench,0.881,0.0021473272487591,1.0,0.881,True,1000,1000,1000,881
3nq9,3nq9_Kdist7.500_Kmono19.000,asuite_anneal_schedule_linear_3nq9_at800_cs1p0_r8_20260409_180305,anneal_schedule,linear,anneal_schedule|linear,0.94,0.0016192832383068,0.953,0.9863588667366212,True,1000,953,953,940
4jsz,4jsz_Kdist0.500_Kmono1.000,asuite_anneal_schedule_linear_4jsz_at800_cs0p75_r8_20260409_180305,anneal_schedule,linear,anneal_schedule|linear,0.888,0.0020879057947386,1.0,0.888,True,1000,1000,1000,888
3nq9,3nq9_Kdist7.500_Kmono19.000,asuite_anneal_schedule_cubic_smoothstep_3nq9_at800_cs1p0_r8_20260409_180305,anneal_schedule,cubic_smoothstep,anneal_schedule|cubic_smoothstep,0.925,0.0017589217400102,0.943,0.980911983032874,True,1000,943,943,925
4jsz,4jsz_Kdist0.500_Kmono1.000,asuite_anneal_schedule_cubic_smoothstep_4jsz_at800_cs0p75_r8_20260409_180305,anneal_schedule,cubic_smoothstep,anneal_schedule|cubic_smoothstep,0.887,0.0020965445198049,1.0,0.887,True,1000,1000,1000,887
3nq9,3nq9_Kdist7.500_Kmono19.000,asuite_anneal_schedule_fourier_3nq9_at800_cs1p0_r8_20260409_180305,anneal_schedule,fourier,anneal_schedule|fourier,0.941,0.0016097973708141,0.954,0.9863731656184488,True,1000,954,954,941
4jsz,4jsz_Kdist0.500_Kmono1.000,asuite_anneal_schedule_fourier_4jsz_at800_cs0p75_r8_20260409_180305,anneal_schedule,fourier,anneal_schedule|fourier,0.872,0.0022236619277849,1.0,0.872,True,1000,1000,1000,872
3nq9,3nq9_Kdist7.500_Kmono19.000,asuite_anneal_schedule_lowpass_linear_3nq9_at800_cs1p0_r8_20260409_180305,anneal_schedule,lowpass_linear,anneal_schedule|lowpass_linear,0.939,0.0016289847705426,0.945,0.9936507936507936,True,1000,945,945,939
4jsz,4jsz_Kdist0.500_Kmono1.000,asuite_anneal_schedule_lowpass_linear_4jsz_at800_cs0p75_r8_20260409_180305,anneal_schedule,lowpass_linear,anneal_schedule|lowpass_linear,0.87,0.0022405601325475,1.0,0.87,True,1000,1000,1000,870
3nq9,3nq9_Kdist7.500_Kmono19.000,asuite_anneal_schedule_bangbang_monotone_3nq9_at800_cs1p0_r8_20260409_180305,anneal_schedule,bangbang_monotone,anneal_schedule|bangbang_monotone,0.867,0.0022582924222833,0.967,0.8965873836608066,True,1000,967,967,867
4jsz,4jsz_Kdist0.500_Kmono1.000,asuite_anneal_schedule_bangbang_monotone_4jsz_at800_cs0p75_r8_20260409_180305,anneal_schedule,bangbang_monotone,anneal_schedule|bangbang_monotone,0.833,0.0025540013731294,1.0,0.833,True,1000,1000,1000,833
3nq9,3nq9_Kdist7.500_Kmono19.000,asuite_anneal_schedule_pause_quench_3nq9_at800_cs1p0_r8_20260409_180305,anneal_schedule,pause_quench,anneal_schedule|pause_quench,0.925,0.0017588150675345,0.937,0.9871931696905016,True,1000,937,937,925
4jsz,4jsz_Kdist0.500_Kmono1.000,asuite_anneal_schedule_pause_quench_4jsz_at800_cs0p75_r8_20260409_180305,anneal_schedule,pause_quench,anneal_schedule|pause_quench,0.889,0.0020793453240102,1.0,0.889,True,1000,1000,1000,889
3nq9,3nq9_Kdist7.500_Kmono19.000,asuite_anneal_schedule_linear_3nq9_at800_cs1p0_r9_20260409_180305,anneal_schedule,linear,anneal_schedule|linear,0.942,0.00160000322642,0.952,0.9894957983193278,True,1000,952,952,942
4jsz,4jsz_Kdist0.500_Kmono1.000,asuite_anneal_schedule_linear_4jsz_at800_cs0p75_r9_20260409_180305,anneal_schedule,linear,anneal_schedule|linear,0.876,0.0021897095568133,1.0,0.876,True,1000,1000,1000,876
3nq9,3nq9_Kdist7.500_Kmono19.000,asuite_anneal_schedule_cubic_smoothstep_3nq9_at800_cs1p0_r9_20260409_180305,anneal_schedule,cubic_smoothstep,anneal_schedule|cubic_smoothstep,0.947,0.0015510243577354,0.956,0.9905857740585774,True,1000,956,956,947
4jsz,4jsz_Kdist0.500_Kmono1.000,asuite_anneal_schedule_cubic_smoothstep_4jsz_at800_cs0p75_r9_20260409_180305,anneal_schedule,cubic_smoothstep,anneal_schedule|cubic_smoothstep,0.89,0.0020709869090949,1.0,0.89,True,1000,1000,1000,890
3nq9,3nq9_Kdist7.500_Kmono19.000,asuite_anneal_schedule_fourier_3nq9_at800_cs1p0_r9_20260409_180305,anneal_schedule,fourier,anneal_schedule|fourier,0.941,0.0016097973708141,0.947,0.993664202745512,True,1000,947,947,941
4jsz,4jsz_Kdist0.500_Kmono1.000,asuite_anneal_schedule_fourier_4jsz_at800_cs0p75_r9_20260409_180305,anneal_schedule,fourier,anneal_schedule|fourier,0.875,0.0021983005332753,1.0,0.875,True,1000,1000,1000,875
3nq9,3nq9_Kdist7.500_Kmono19.000,asuite_anneal_schedule_lowpass_linear_3nq9_at800_cs1p0_r9_20260409_180305,anneal_schedule,lowpass_linear,anneal_schedule|lowpass_linear,0.953,0.0014900790783604,0.967,0.9855222337125128,True,1000,967,967,953
4jsz,4jsz_Kdist0.500_Kmono1.000,asuite_anneal_schedule_lowpass_linear_4jsz_at800_cs0p75_r9_20260409_180305,anneal_schedule,lowpass_linear,anneal_schedule|lowpass_linear,0.861,0.0023165664944839,1.0,0.861,True,1000,1000,1000,861
3nq9,3nq9_Kdist7.500_Kmono19.000,asuite_anneal_schedule_bangbang_monotone_3nq9_at800_cs1p0_r9_20260409_180305,anneal_schedule,bangbang_monotone,anneal_schedule|bangbang_monotone,0.851,0.0023930410495245,0.956,0.8901673640167364,True,1000,956,956,851
4jsz,4jsz_Kdist0.500_Kmono1.000,asuite_anneal_schedule_bangbang_monotone_4jsz_at800_cs0p75_r9_20260409_180305,anneal_schedule,bangbang_monotone,anneal_schedule|bangbang_monotone,0.854,0.0023756237471062,1.0,0.854,True,1000,1000,1000,854
3nq9,3nq9_Kdist7.500_Kmono19.000,asuite_anneal_schedule_pause_quench_3nq9_at800_cs1p0_r9_20260409_180305,anneal_schedule,pause_quench,anneal_schedule|pause_quench,0.936,0.0016573345704399,0.95,0.9852631578947368,True,1000,950,950,936
4jsz,4jsz_Kdist0.500_Kmono1.000,asuite_anneal_schedule_pause_quench_4jsz_at800_cs0p75_r9_20260409_180305,anneal_schedule,pause_quench,anneal_schedule|pause_quench,0.885,0.0021133808536619,1.0,0.885,True,1000,1000,1000,885
3nq9,3nq9_Kdist7.500_Kmono19.000,asuite_anneal_schedule_linear_3nq9_at800_cs1p0_r10_20260409_180305,anneal_schedule,linear,anneal_schedule|linear,0.935,0.0016667015934107,0.948,0.9862869198312236,True,1000,948,948,935
4jsz,4jsz_Kdist0.500_Kmono1.000,asuite_anneal_schedule_linear_4jsz_at800_cs0p75_r10_20260409_180305,anneal_schedule,linear,anneal_schedule|linear,0.884,0.0021219177515711,1.0,0.884,True,1000,1000,1000,884
3nq9,3nq9_Kdist7.500_Kmono19.000,asuite_anneal_schedule_cubic_smoothstep_3nq9_at800_cs1p0_r10_20260409_180305,anneal_schedule,cubic_smoothstep,anneal_schedule|cubic_smoothstep,0.915,0.0018482291977001,0.931,0.9828141783029,True,1000,931,931,915
4jsz,4jsz_Kdist0.500_Kmono1.000,asuite_anneal_schedule_cubic_smoothstep_4jsz_at800_cs0p75_r10_20260409_180305,anneal_schedule,cubic_smoothstep,anneal_schedule|cubic_smoothstep,0.849,0.0024180358803017,1.0,0.849,True,1000,1000,1000,849
3nq9,3nq9_Kdist7.500_Kmono19.000,asuite_anneal_schedule_fourier_3nq9_at800_cs1p0_r10_20260409_180305,anneal_schedule,fourier,anneal_schedule|fourier,0.946,0.001560957288853,0.957,0.9885057471264368,True,1000,957,957,946
4jsz,4jsz_Kdist0.500_Kmono1.000,asuite_anneal_schedule_fourier_4jsz_at800_cs0p75_r10_20260409_180305,anneal_schedule,fourier,anneal_schedule|fourier,0.857,0.0023503585899912,1.0,0.857,True,1000,1000,1000,857
3nq9,3nq9_Kdist7.500_Kmono19.000,asuite_anneal_schedule_lowpass_linear_3nq9_at800_cs1p0_r10_20260409_180305,anneal_schedule,lowpass_linear,anneal_schedule|lowpass_linear,0.947,0.0015510243577354,0.96,0.9864583333333332,True,1000,960,960,947
4jsz,4jsz_Kdist0.500_Kmono1.000,asuite_anneal_schedule_lowpass_linear_4jsz_at800_cs0p75_r10_20260409_180305,anneal_schedule,lowpass_linear,anneal_schedule|lowpass_linear,0.872,0.0022236619277849,1.0,0.872,True,1000,1000,1000,872
3nq9,3nq9_Kdist7.500_Kmono19.000,asuite_anneal_schedule_bangbang_monotone_3nq9_at800_cs1p0_r10_20260409_180305,anneal_schedule,bangbang_monotone,anneal_schedule|bangbang_monotone,0.889,0.0020725325487412,0.964,0.9221991701244814,True,1000,964,964,889
4jsz,4jsz_Kdist0.500_Kmono1.000,asuite_anneal_schedule_bangbang_monotone_4jsz_at800_cs0p75_r10_20260409_180305,anneal_schedule,bangbang_monotone,anneal_schedule|bangbang_monotone,0.798,0.0028578235278727,1.0,0.798,True,1000,1000,1000,798
3nq9,3nq9_Kdist7.500_Kmono19.000,asuite_anneal_schedule_pause_quench_3nq9_at800_cs1p0_r10_20260409_180305,anneal_schedule,pause_quench,anneal_schedule|pause_quench,0.947,0.0015509302935116,0.954,0.9926624737945492,True,1000,954,954,947
4jsz,4jsz_Kdist0.500_Kmono1.000,asuite_anneal_schedule_pause_quench_4jsz_at800_cs0p75_r10_20260409_180305,anneal_schedule,pause_quench,anneal_schedule|pause_quench,0.864,0.002291047133191,1.0,0.864,True,1000,1000,1000,864
