ligand,annealing_time,repeat,chain_strength,run_tag,case_name,n_reads,n_report_rows,n_valid,n_success_valid,validity_rate,success_rate,quality,qpu_access_time_us,tts_0p99_sec,embedding_cached
3nq9,0.5,1,1.0,atsweep_3nq9_at0p5_cs1p0_r1_20260408_023341,3nq9_Kdist7.500_Kmono19.000,1000,987,987,656,0.987,0.6646403242147924,0.656,189760.0,0.0008189166334281041,True
3nq9,1.0,1,1.0,atsweep_3nq9_at1_cs1p0_r1_20260408_023341,3nq9_Kdist7.500_Kmono19.000,1000,985,985,706,0.985,0.716751269035533,0.706,190260.0,0.0007157304416339967,True
3nq9,2.0,1,1.0,atsweep_3nq9_at2_cs1p0_r1_20260408_023341,3nq9_Kdist7.500_Kmono19.000,1000,975,975,783,0.975,0.803076923076923,0.783,191260.0,0.0005764834773609348,True
3nq9,5.0,1,1.0,atsweep_3nq9_at5_cs1p0_r1_20260408_023341,3nq9_Kdist7.500_Kmono19.000,1000,957,957,819,0.957,0.8557993730407524,0.819,194260.0,0.0005233851359355998,True
3nq9,10.0,1,1.0,atsweep_3nq9_at10_cs1p0_r1_20260408_023341,3nq9_Kdist7.500_Kmono19.000,1000,947,947,843,0.947,0.8901795142555439,0.843,199260.0,0.0004956097845176162,True
3nq9,20.0,1,1.0,atsweep_3nq9_at20_cs1p0_r1_20260408_023341,3nq9_Kdist7.500_Kmono19.000,1000,965,965,898,0.965,0.9305699481865285,0.898,209260.0,0.00042215056738893574,True
3nq9,50.0,1,1.0,atsweep_3nq9_at50_cs1p0_r1_20260408_023341,3nq9_Kdist7.500_Kmono19.000,1000,943,943,885,0.943,0.9384941675503712,0.885,239260.0,0.0005094420310713909,True
3nq9,100.0,1,1.0,atsweep_3nq9_at100_cs1p0_r1_20260408_023341,3nq9_Kdist7.500_Kmono19.000,1000,938,938,894,0.938,0.9530916844349681,0.894,289260.0,0.0005935400443926458,True
3nq9,200.0,1,1.0,atsweep_3nq9_at200_cs1p0_r1_20260408_023341,3nq9_Kdist7.500_Kmono19.000,1000,935,935,893,0.935,0.9550802139037433,0.893,389260.0,0.0008020883868428795,True
3nq9,500.0,1,1.0,atsweep_3nq9_at500_cs1p0_r1_20260408_023341,3nq9_Kdist7.500_Kmono19.000,1000,966,966,945,0.966,0.9782608695652174,0.945,689260.0,0.0010943785076090765,True
3nq9,800.0,1,1.0,atsweep_3nq9_at800_cs1p0_r1_20260408_023341,3nq9_Kdist7.500_Kmono19.000,1000,956,956,938,0.956,0.9811715481171548,0.938,989260.0,0.001638378920378537,True
3nq9,0.5,2,1.0,atsweep_3nq9_at0p5_cs1p0_r2_20260408_023341,3nq9_Kdist7.500_Kmono19.000,1000,993,993,659,0.993,0.6636455186304129,0.659,189760.0,0.000812249452828807,True
3nq9,1.0,2,1.0,atsweep_3nq9_at1_cs1p0_r2_20260408_023341,3nq9_Kdist7.500_Kmono19.000,1000,985,985,735,0.985,0.7461928934010152,0.735,190260.0,0.000659761209854454,True
3nq9,2.0,2,1.0,atsweep_3nq9_at2_cs1p0_r2_20260408_023341,3nq9_Kdist7.500_Kmono19.000,1000,955,955,760,0.955,0.7958115183246073,0.76,191260.0,0.0006171780221641411,True
3nq9,5.0,2,1.0,atsweep_3nq9_at5_cs1p0_r2_20260408_023341,3nq9_Kdist7.500_Kmono19.000,1000,964,964,834,0.964,0.8651452282157677,0.834,194260.0,0.0004981715979379901,True
3nq9,10.0,2,1.0,atsweep_3nq9_at10_cs1p0_r2_20260408_023341,3nq9_Kdist7.500_Kmono19.000,1000,951,951,841,0.951,0.8843322818086226,0.841,199260.0,0.0004990214938318256,True
3nq9,20.0,2,1.0,atsweep_3nq9_at20_cs1p0_r2_20260408_023341,3nq9_Kdist7.500_Kmono19.000,1000,956,956,894,0.956,0.9351464435146444,0.894,209260.0,0.0004293859838539899,True
3nq9,50.0,2,1.0,atsweep_3nq9_at50_cs1p0_r2_20260408_023341,3nq9_Kdist7.500_Kmono19.000,1000,949,949,898,0.949,0.946259220231823,0.898,239260.0,0.000482671053968636,True
3nq9,100.0,2,1.0,atsweep_3nq9_at100_cs1p0_r2_20260408_023341,3nq9_Kdist7.500_Kmono19.000,1000,954,954,905,0.954,0.9486373165618449,0.905,289260.0,0.0005659134877739817,True
3nq9,200.0,2,1.0,atsweep_3nq9_at200_cs1p0_r2_20260408_023341,3nq9_Kdist7.500_Kmono19.000,1000,962,962,936,0.962,0.972972972972973,0.936,389260.0,0.0006521250967769342,True
3nq9,500.0,2,1.0,atsweep_3nq9_at500_cs1p0_r2_20260408_023341,3nq9_Kdist7.500_Kmono19.000,1000,958,958,935,0.958,0.975991649269311,0.935,689260.0,0.0011612631712386817,True
3nq9,800.0,2,1.0,atsweep_3nq9_at800_cs1p0_r2_20260408_023341,3nq9_Kdist7.500_Kmono19.000,1000,962,962,943,0.962,0.9802494802494802,0.943,989260.0,0.0015902901802289805,True
3nq9,0.5,3,1.0,atsweep_3nq9_at0p5_cs1p0_r3_20260408_023341,3nq9_Kdist7.500_Kmono19.000,1000,986,986,667,0.986,0.6764705882352942,0.667,189760.0,0.0007947134693535783,True
3nq9,1.0,3,1.0,atsweep_3nq9_at1_cs1p0_r3_20260408_023341,3nq9_Kdist7.500_Kmono19.000,1000,978,978,753,0.978,0.7699386503067485,0.753,190260.0,0.0006265735073163558,True
3nq9,2.0,3,1.0,atsweep_3nq9_at2_cs1p0_r3_20260408_023341,3nq9_Kdist7.500_Kmono19.000,1000,961,961,783,0.961,0.8147762747138397,0.783,191260.0,0.0005764834773609348,True
3nq9,5.0,3,1.0,atsweep_3nq9_at5_cs1p0_r3_20260408_023341,3nq9_Kdist7.500_Kmono19.000,1000,948,948,825,0.948,0.870253164556962,0.825,194260.0,0.0005132622575358307,True
3nq9,10.0,3,1.0,atsweep_3nq9_at10_cs1p0_r3_20260408_023341,3nq9_Kdist7.500_Kmono19.000,1000,956,956,871,0.956,0.9110878661087866,0.871,199260.0,0.000448072171656666,True
3nq9,20.0,3,1.0,atsweep_3nq9_at20_cs1p0_r3_20260408_023341,3nq9_Kdist7.500_Kmono19.000,1000,957,957,870,0.957,0.9090909090909091,0.87,209260.0,0.0004723400034180786,True
3nq9,50.0,3,1.0,atsweep_3nq9_at50_cs1p0_r3_20260408_023341,3nq9_Kdist7.500_Kmono19.000,1000,946,946,897,0.946,0.9482029598308668,0.897,239260.0,0.00048474275162683713,True
3nq9,100.0,3,1.0,atsweep_3nq9_at100_cs1p0_r3_20260408_023341,3nq9_Kdist7.500_Kmono19.000,1000,971,971,933,0.971,0.96086508753862,0.933,289260.0,0.0004928082311641229,True
3nq9,200.0,3,1.0,atsweep_3nq9_at200_cs1p0_r3_20260408_023341,3nq9_Kdist7.500_Kmono19.000,1000,956,956,923,0.956,0.9654811715481172,0.923,389260.0,0.000699158972089022,True
3nq9,500.0,3,1.0,atsweep_3nq9_at500_cs1p0_r3_20260408_023341,3nq9_Kdist7.500_Kmono19.000,1000,965,965,944,0.965,0.9782383419689119,0.944,689260.0,0.0011012196957208911,True
3nq9,800.0,3,1.0,atsweep_3nq9_at800_cs1p0_r3_20260408_023341,3nq9_Kdist7.500_Kmono19.000,1000,961,961,947,0.961,0.9854318418314256,0.947,989260.0,0.0015508995658652814,True
3nq9,0.5,4,1.0,atsweep_3nq9_at0p5_cs1p0_r4_20260408_023341,3nq9_Kdist7.500_Kmono19.000,1000,978,978,657,0.978,0.6717791411042945,0.657,189760.0,0.0008166886118052349,True
3nq9,1.0,4,1.0,atsweep_3nq9_at1_cs1p0_r4_20260408_023341,3nq9_Kdist7.500_Kmono19.000,1000,976,976,738,0.976,0.7561475409836066,0.738,190260.0,0.0006541530767075545,True
3nq9,2.0,4,1.0,atsweep_3nq9_at2_cs1p0_r4_20260408_023341,3nq9_Kdist7.500_Kmono19.000,1000,950,950,793,0.95,0.8347368421052631,0.793,191260.0,0.0005592155215193343,True
3nq9,5.0,4,1.0,atsweep_3nq9_at5_cs1p0_r4_20260408_023341,3nq9_Kdist7.500_Kmono19.000,1000,957,957,839,0.957,0.8766980146290491,0.839,194260.0,0.0004898293933950888,True
3nq9,10.0,4,1.0,atsweep_3nq9_at10_cs1p0_r4_20260408_023341,3nq9_Kdist7.500_Kmono19.000,1000,951,951,858,0.951,0.9022082018927445,0.858,199260.0,0.00047011268201799933,True
3nq9,20.0,4,1.0,atsweep_3nq9_at20_cs1p0_r4_20260408_023341,3nq9_Kdist7.500_Kmono19.000,1000,959,959,881,0.959,0.9186652763295099,0.881,209260.0,0.00045272175277873383,True
3nq9,50.0,4,1.0,atsweep_3nq9_at50_cs1p0_r4_20260408_023341,3nq9_Kdist7.500_Kmono19.000,1000,956,956,899,0.956,0.9403765690376569,0.899,239260.0,0.00048059683857825286,True
3nq9,100.0,4,1.0,atsweep_3nq9_at100_cs1p0_r4_20260408_023341,3nq9_Kdist7.500_Kmono19.000,1000,932,932,896,0.932,0.9613733905579399,0.896,289260.0,0.0005885448847138931,True
3nq9,200.0,4,1.0,atsweep_3nq9_at200_cs1p0_r4_20260408_023341,3nq9_Kdist7.500_Kmono19.000,1000,929,929,904,0.929,0.9730893433799784,0.904,389260.0,0.0007649582337395677,True
3nq9,500.0,4,1.0,atsweep_3nq9_at500_cs1p0_r4_20260408_023341,3nq9_Kdist7.500_Kmono19.000,1000,937,937,913,0.937,0.9743863393810032,0.913,689260.0,0.0012999010150857946,True
3nq9,800.0,4,1.0,atsweep_3nq9_at800_cs1p0_r4_20260408_023341,3nq9_Kdist7.500_Kmono19.000,1000,945,945,930,0.945,0.9841269841269841,0.93,989260.0,0.0017131497465156461,True
3nq9,0.5,5,1.0,atsweep_3nq9_at0p5_cs1p0_r5_20260408_023341,3nq9_Kdist7.500_Kmono19.000,1000,987,987,681,0.987,0.6899696048632219,0.681,189760.0,0.0007648385208448921,True
3nq9,1.0,5,1.0,atsweep_3nq9_at1_cs1p0_r5_20260408_023341,3nq9_Kdist7.500_Kmono19.000,1000,985,985,756,0.985,0.76751269035533,0.756,190260.0,0.0006211454140988527,True
3nq9,2.0,5,1.0,atsweep_3nq9_at2_cs1p0_r5_20260408_023341,3nq9_Kdist7.500_Kmono19.000,1000,967,967,784,0.967,0.8107549120992761,0.784,191260.0,0.00057474593337652,True
3nq9,5.0,5,1.0,atsweep_3nq9_at5_cs1p0_r5_20260408_023341,3nq9_Kdist7.500_Kmono19.000,1000,965,965,856,0.965,0.8870466321243523,0.856,194260.0,0.0004616239133248913,True
3nq9,10.0,5,1.0,atsweep_3nq9_at10_cs1p0_r5_20260408_023341,3nq9_Kdist7.500_Kmono19.000,1000,958,958,840,0.958,0.8768267223382046,0.84,199260.0,0.0005007287421663102,True
3nq9,20.0,5,1.0,atsweep_3nq9_at20_cs1p0_r5_20260408_023341,3nq9_Kdist7.500_Kmono19.000,1000,957,957,881,0.957,0.9205851619644723,0.881,209260.0,0.00045272175277873383,True
3nq9,50.0,5,1.0,atsweep_3nq9_at50_cs1p0_r5_20260408_023341,3nq9_Kdist7.500_Kmono19.000,1000,952,952,885,0.952,0.9296218487394958,0.885,239260.0,0.0005094420310713909,True
3nq9,100.0,5,1.0,atsweep_3nq9_at100_cs1p0_r5_20260408_023341,3nq9_Kdist7.500_Kmono19.000,1000,963,963,912,0.963,0.9470404984423676,0.912,289260.0,0.0005480914284737407,True
3nq9,200.0,5,1.0,atsweep_3nq9_at200_cs1p0_r5_20260408_023341,3nq9_Kdist7.500_Kmono19.000,1000,974,974,947,0.974,0.9722792607802875,0.947,389260.0,0.0006102573287191634,True
3nq9,500.0,5,1.0,atsweep_3nq9_at500_cs1p0_r5_20260408_023341,3nq9_Kdist7.500_Kmono19.000,1000,965,965,938,0.965,0.9720207253886011,0.938,689260.0,0.0011415290769465163,True
3nq9,800.0,5,1.0,atsweep_3nq9_at800_cs1p0_r5_20260408_023341,3nq9_Kdist7.500_Kmono19.000,1000,964,964,953,0.964,0.9885892116182573,0.953,989260.0,0.00148995919000801,True
3nq9,0.5,6,1.0,atsweep_3nq9_at0p5_cs1p0_r6_20260408_023341,3nq9_Kdist7.500_Kmono19.000,1000,993,993,671,0.993,0.675730110775428,0.671,189760.0,0.000786074514256459,True
3nq9,1.0,6,1.0,atsweep_3nq9_at1_cs1p0_r6_20260408_023341,3nq9_Kdist7.500_Kmono19.000,1000,985,985,732,0.985,0.7431472081218274,0.732,190260.0,0.0006654015597150286,True
3nq9,2.0,6,1.0,atsweep_3nq9_at2_cs1p0_r6_20260408_023341,3nq9_Kdist7.500_Kmono19.000,1000,967,967,773,0.967,0.7993795243019648,0.773,191260.0,0.000593999004886621,True
3nq9,5.0,6,1.0,atsweep_3nq9_at5_cs1p0_r6_20260408_023341,3nq9_Kdist7.500_Kmono19.000,1000,967,967,848,0.967,0.8769389865563598,0.848,194260.0,0.0004748725234873231,True
3nq9,10.0,6,1.0,atsweep_3nq9_at10_cs1p0_r6_20260408_023341,3nq9_Kdist7.500_Kmono19.000,1000,958,958,863,0.958,0.9008350730688935,0.863,199260.0,0.00046163499886392266,True
3nq9,20.0,6,1.0,atsweep_3nq9_at20_cs1p0_r6_20260408_023341,3nq9_Kdist7.500_Kmono19.000,1000,953,953,875,0.953,0.9181532004197271,0.875,209260.0,0.0004634311154240863,True
3nq9,50.0,6,1.0,atsweep_3nq9_at50_cs1p0_r6_20260408_023341,3nq9_Kdist7.500_Kmono19.000,1000,939,939,882,0.939,0.939297124600639,0.882,239260.0,0.0005155809969927309,True
3nq9,100.0,6,1.0,atsweep_3nq9_at100_cs1p0_r6_20260408_023341,3nq9_Kdist7.500_Kmono19.000,1000,951,951,895,0.951,0.9411146161934806,0.895,289260.0,0.0005910438039247962,True
3nq9,200.0,6,1.0,atsweep_3nq9_at200_cs1p0_r6_20260408_023341,3nq9_Kdist7.500_Kmono19.000,1000,957,957,912,0.957,0.9529780564263323,0.912,389260.0,0.0007375719748589102,True
3nq9,500.0,6,1.0,atsweep_3nq9_at500_cs1p0_r6_20260408_023341,3nq9_Kdist7.500_Kmono19.000,1000,961,961,942,0.961,0.9802289281997919,0.942,689260.0,0.0011147915307996763,True
3nq9,800.0,6,1.0,atsweep_3nq9_at800_cs1p0_r6_20260408_023341,3nq9_Kdist7.500_Kmono19.000,1000,961,961,950,0.961,0.9885535900104059,0.95,989260.0,0.0015207335776991533,True
3nq9,0.5,7,1.0,atsweep_3nq9_at0p5_cs1p0_r7_20260408_023341,3nq9_Kdist7.500_Kmono19.000,1000,994,994,656,0.994,0.6599597585513078,0.656,189760.0,0.0008189166334281041,True
3nq9,1.0,7,1.0,atsweep_3nq9_at1_cs1p0_r7_20260408_023341,3nq9_Kdist7.500_Kmono19.000,1000,976,976,726,0.976,0.7438524590163934,0.726,190260.0,0.0006767814689309184,True
3nq9,2.0,7,1.0,atsweep_3nq9_at2_cs1p0_r7_20260408_023341,3nq9_Kdist7.500_Kmono19.000,1000,954,954,778,0.954,0.8155136268343816,0.778,191260.0,0.0005852088130876274,True
3nq9,5.0,7,1.0,atsweep_3nq9_at5_cs1p0_r7_20260408_023341,3nq9_Kdist7.500_Kmono19.000,1000,960,960,818,0.96,0.8520833333333333,0.818,194260.0,0.0005250776814022744,True
3nq9,10.0,7,1.0,atsweep_3nq9_at10_cs1p0_r7_20260408_023341,3nq9_Kdist7.500_Kmono19.000,1000,953,953,852,0.953,0.8940188877229801,0.852,199260.0,0.0004802960251372472,True
3nq9,20.0,7,1.0,atsweep_3nq9_at20_cs1p0_r7_20260408_023341,3nq9_Kdist7.500_Kmono19.000,1000,947,947,874,0.947,0.9229144667370645,0.874,209260.0,0.0004652137585409449,True
3nq9,50.0,7,1.0,atsweep_3nq9_at50_cs1p0_r7_20260408_023341,3nq9_Kdist7.500_Kmono19.000,1000,959,959,889,0.959,0.927007299270073,0.889,239260.0,0.0005012375802151675,True
3nq9,100.0,7,1.0,atsweep_3nq9_at100_cs1p0_r7_20260408_023341,3nq9_Kdist7.500_Kmono19.000,1000,960,960,922,0.96,0.9604166666666667,0.922,289260.0,0.0005221745479396527,True
3nq9,200.0,7,1.0,atsweep_3nq9_at200_cs1p0_r7_20260408_023341,3nq9_Kdist7.500_Kmono19.000,1000,963,963,926,0.963,0.9615784008307373,0.926,389260.0,0.0006884876535577919,True
3nq9,500.0,7,1.0,atsweep_3nq9_at500_cs1p0_r7_20260408_023341,3nq9_Kdist7.500_Kmono19.000,1000,963,963,937,0.963,0.9730010384215991,0.937,689260.0,0.0011481357177279845,True
3nq9,800.0,7,1.0,atsweep_3nq9_at800_cs1p0_r7_20260408_023341,3nq9_Kdist7.500_Kmono19.000,1000,959,959,939,0.959,0.9791449426485923,0.939,989260.0,0.001628853706156138,True
3nq9,0.5,8,1.0,atsweep_3nq9_at0p5_cs1p0_r8_20260408_023341,3nq9_Kdist7.500_Kmono19.000,1000,993,993,673,0.993,0.6777442094662638,0.673,189760.0,0.000781786472469281,True
3nq9,1.0,8,1.0,atsweep_3nq9_at1_cs1p0_r8_20260408_023341,3nq9_Kdist7.500_Kmono19.000,1000,974,974,711,0.974,0.7299794661190965,0.711,190260.0,0.0007058402473209946,True
3nq9,2.0,8,1.0,atsweep_3nq9_at2_cs1p0_r8_20260408_023341,3nq9_Kdist7.500_Kmono19.000,1000,961,961,788,0.961,0.8199791883454735,0.788,191260.0,0.0005678200423839743,True
3nq9,5.0,8,1.0,atsweep_3nq9_at5_cs1p0_r8_20260408_023341,3nq9_Kdist7.500_Kmono19.000,1000,961,961,820,0.961,0.8532778355879292,0.82,194260.0,0.0005216941803040242,True
3nq9,10.0,8,1.0,atsweep_3nq9_at10_cs1p0_r8_20260408_023341,3nq9_Kdist7.500_Kmono19.000,1000,968,968,856,0.968,0.8842975206611571,0.856,199260.0,0.00047350551307071876,True
3nq9,20.0,8,1.0,atsweep_3nq9_at20_cs1p0_r8_20260408_023341,3nq9_Kdist7.500_Kmono19.000,1000,955,955,853,0.955,0.8931937172774869,0.853,209260.0,0.0005026164437726456,True
3nq9,50.0,8,1.0,atsweep_3nq9_at50_cs1p0_r8_20260408_023341,3nq9_Kdist7.500_Kmono19.000,1000,952,952,885,0.952,0.9296218487394958,0.885,239260.0,0.0005094420310713909,True
3nq9,100.0,8,1.0,atsweep_3nq9_at100_cs1p0_r8_20260408_023341,3nq9_Kdist7.500_Kmono19.000,1000,959,959,911,0.959,0.9499478623566214,0.911,289260.0,0.0005506515297389432,True
3nq9,200.0,8,1.0,atsweep_3nq9_at200_cs1p0_r8_20260408_023341,3nq9_Kdist7.500_Kmono19.000,1000,959,959,934,0.959,0.9739311783107404,0.934,389260.0,0.0006595078151912128,True
3nq9,500.0,8,1.0,atsweep_3nq9_at500_cs1p0_r8_20260408_023341,3nq9_Kdist7.500_Kmono19.000,1000,964,964,951,0.964,0.9865145228215768,0.951,689260.0,0.0010524628755348433,True
3nq9,800.0,8,1.0,atsweep_3nq9_at800_cs1p0_r8_20260408_023341,3nq9_Kdist7.500_Kmono19.000,1000,944,944,934,0.944,0.989406779661017,0.934,989260.0,0.0016760640735139984,True
3nq9,0.5,9,1.0,atsweep_3nq9_at0p5_cs1p0_r9_20260408_023341,3nq9_Kdist7.500_Kmono19.000,1000,986,986,672,0.986,0.6815415821501014,0.672,189760.0,0.0007839278978638309,True
3nq9,1.0,9,1.0,atsweep_3nq9_at1_cs1p0_r9_20260408_023341,3nq9_Kdist7.500_Kmono19.000,1000,971,971,746,0.971,0.768280123583934,0.746,190260.0,0.0006393507337797345,True
3nq9,2.0,9,1.0,atsweep_3nq9_at2_cs1p0_r9_20260408_023341,3nq9_Kdist7.500_Kmono19.000,1000,970,970,792,0.97,0.8164948453608247,0.792,191260.0,0.0005609318571822379,True
3nq9,5.0,9,1.0,atsweep_3nq9_at5_cs1p0_r9_20260408_023341,3nq9_Kdist7.500_Kmono19.000,1000,961,961,815,0.961,0.8480749219562955,0.815,194260.0,0.0005301651356235665,True
3nq9,10.0,9,1.0,atsweep_3nq9_at10_cs1p0_r9_20260408_023341,3nq9_Kdist7.500_Kmono19.000,1000,972,972,876,0.972,0.9012345679012346,0.876,199260.0,0.0004395869540198701,True
3nq9,20.0,9,1.0,atsweep_3nq9_at20_cs1p0_r9_20260408_023341,3nq9_Kdist7.500_Kmono19.000,1000,956,956,874,0.956,0.9142259414225942,0.874,209260.0,0.0004652137585409449,True
3nq9,50.0,9,1.0,atsweep_3nq9_at50_cs1p0_r9_20260408_023341,3nq9_Kdist7.500_Kmono19.000,1000,947,947,891,0.947,0.9408658922914467,0.891,239260.0,0.0004971256729758622,True
3nq9,100.0,9,1.0,atsweep_3nq9_at100_cs1p0_r9_20260408_023341,3nq9_Kdist7.500_Kmono19.000,1000,949,949,908,0.949,0.9567966280295047,0.908,289260.0,0.0005583026481130947,True
3nq9,200.0,9,1.0,atsweep_3nq9_at200_cs1p0_r9_20260408_023341,3nq9_Kdist7.500_Kmono19.000,1000,957,957,927,0.957,0.9686520376175548,0.927,389260.0,0.0006849086452838324,True
3nq9,500.0,9,1.0,atsweep_3nq9_at500_cs1p0_r9_20260408_023341,3nq9_Kdist7.500_Kmono19.000,1000,945,945,915,0.945,0.9682539682539683,0.915,689260.0,0.001287637184245714,True
3nq9,800.0,9,1.0,atsweep_3nq9_at800_cs1p0_r9_20260408_023341,3nq9_Kdist7.500_Kmono19.000,1000,960,960,949,0.96,0.9885416666666667,0.949,989260.0,0.0015308529433548,True
3nq9,0.5,10,1.0,atsweep_3nq9_at0p5_cs1p0_r10_20260408_023341,3nq9_Kdist7.500_Kmono19.000,1000,988,988,652,0.988,0.659919028340081,0.652,189760.0,0.0008278857250429014,True
3nq9,1.0,10,1.0,atsweep_3nq9_at1_cs1p0_r10_20260408_023341,3nq9_Kdist7.500_Kmono19.000,1000,979,979,753,0.979,0.7691521961184883,0.753,190260.0,0.0006265735073163558,True
3nq9,2.0,10,1.0,atsweep_3nq9_at2_cs1p0_r10_20260408_023341,3nq9_Kdist7.500_Kmono19.000,1000,964,964,797,0.964,0.8267634854771784,0.797,191260.0,0.0005523722909069235,True
3nq9,5.0,10,1.0,atsweep_3nq9_at5_cs1p0_r10_20260408_023341,3nq9_Kdist7.500_Kmono19.000,1000,956,956,820,0.956,0.8577405857740585,0.82,194260.0,0.0005216941803040242,True
3nq9,10.0,10,1.0,atsweep_3nq9_at10_cs1p0_r10_20260408_023341,3nq9_Kdist7.500_Kmono19.000,1000,960,960,864,0.96,0.9,0.864,199260.0,0.00045993986787150245,True
3nq9,20.0,10,1.0,atsweep_3nq9_at20_cs1p0_r10_20260408_023341,3nq9_Kdist7.500_Kmono19.000,1000,963,963,877,0.963,0.9106957424714434,0.877,209260.0,0.00045986413643299043,True
3nq9,50.0,10,1.0,atsweep_3nq9_at50_cs1p0_r10_20260408_023341,3nq9_Kdist7.500_Kmono19.000,1000,967,967,906,0.967,0.9369183040330921,0.906,239260.0,0.0004659976431120963,True
3nq9,100.0,10,1.0,atsweep_3nq9_at100_cs1p0_r10_20260408_023341,3nq9_Kdist7.500_Kmono19.000,1000,953,953,897,0.953,0.9412381951731374,0.897,289260.0,0.0005860431678323952,True
3nq9,200.0,10,1.0,atsweep_3nq9_at200_cs1p0_r10_20260408_023341,3nq9_Kdist7.500_Kmono19.000,1000,962,962,929,0.962,0.9656964656964657,0.929,389260.0,0.0006777154803535654,True
3nq9,500.0,10,1.0,atsweep_3nq9_at500_cs1p0_r10_20260408_023341,3nq9_Kdist7.500_Kmono19.000,1000,948,948,931,0.948,0.9820675105485233,0.931,689260.0,0.0011872014128424273,True
3nq9,800.0,10,1.0,atsweep_3nq9_at800_cs1p0_r10_20260408_023341,3nq9_Kdist7.500_Kmono19.000,1000,964,964,953,0.964,0.9885892116182573,0.953,989260.0,0.00148995919000801,True
4jsz,0.5,1,0.75,atsweep_4jsz_at0p5_cs0p75_r1_20260407_182901,4jsz_Kdist0.500_Kmono1.000,1000,1000,1000,900,1.0,0.9,0.9,193052.0,0.00038610399999999996,True
4jsz,1.0,1,0.75,atsweep_4jsz_at1_cs0p75_r1_20260407_182901,4jsz_Kdist0.500_Kmono1.000,1000,1000,1000,883,1.0,0.883,0.883,193552.0,0.0004154304856603793,True
4jsz,2.0,1,0.75,atsweep_4jsz_at2_cs0p75_r1_20260407_182901,4jsz_Kdist0.500_Kmono1.000,1000,1000,1000,886,1.0,0.886,0.886,194552.0,0.0004125819123885902,True
4jsz,5.0,1,0.75,atsweep_4jsz_at5_cs0p75_r1_20260407_182901,4jsz_Kdist0.500_Kmono1.000,1000,1000,1000,908,1.0,0.908,0.908,197552.0,0.0003812964279196504,True
4jsz,10.0,1,0.75,atsweep_4jsz_at10_cs0p75_r1_20260407_182901,4jsz_Kdist0.500_Kmono1.000,1000,1000,1000,931,1.0,0.931,0.931,202552.0,0.00034888143889687386,True
4jsz,20.0,1,0.75,atsweep_4jsz_at20_cs0p75_r1_20260407_182901,4jsz_Kdist0.500_Kmono1.000,1000,1000,1000,943,1.0,0.943,0.943,212552.0,0.0003416890993146699,True
4jsz,50.0,1,0.75,atsweep_4jsz_at50_cs0p75_r1_20260407_182901,4jsz_Kdist0.500_Kmono1.000,1000,1000,1000,938,1.0,0.938,0.938,242552.0,0.00040170641074707865,True
4jsz,100.0,1,0.75,atsweep_4jsz_at100_cs0p75_r1_20260407_182901,4jsz_Kdist0.500_Kmono1.000,1000,1000,1000,977,1.0,0.977,0.977,292552.0,0.0003571470069891777,True
4jsz,200.0,1,0.75,atsweep_4jsz_at200_cs0p75_r1_20260407_182901,4jsz_Kdist0.500_Kmono1.000,1000,1000,1000,978,1.0,0.978,0.978,392552.0,0.0004736454769961707,True
4jsz,500.0,1,0.75,atsweep_4jsz_at500_cs0p75_r1_20260407_182901,4jsz_Kdist0.500_Kmono1.000,1000,1000,1000,985,1.0,0.985,0.985,692552.0,0.000759415188329472,True
4jsz,0.5,2,0.75,atsweep_4jsz_at0p5_cs0p75_r2_20260407_182901,4jsz_Kdist0.500_Kmono1.000,1000,1000,1000,875,1.0,0.875,0.875,193052.0,0.0004275365750494634,True
4jsz,1.0,2,0.75,atsweep_4jsz_at1_cs0p75_r2_20260407_182901,4jsz_Kdist0.500_Kmono1.000,1000,1000,1000,886,1.0,0.886,0.886,193552.0,0.00041046123559067196,True
4jsz,2.0,2,0.75,atsweep_4jsz_at2_cs0p75_r2_20260407_182901,4jsz_Kdist0.500_Kmono1.000,1000,1000,1000,887,1.0,0.887,0.887,194552.0,0.00041091471339124263,True
4jsz,5.0,2,0.75,atsweep_4jsz_at5_cs0p75_r2_20260407_182901,4jsz_Kdist0.500_Kmono1.000,1000,1000,1000,878,1.0,0.878,0.878,197552.0,0.00043245033796160143,True
4jsz,10.0,2,0.75,atsweep_4jsz_at10_cs0p75_r2_20260407_182901,4jsz_Kdist0.500_Kmono1.000,1000,1000,1000,918,1.0,0.918,0.918,202552.0,0.00037296001324361474,True
4jsz,20.0,2,0.75,atsweep_4jsz_at20_cs0p75_r2_20260407_182901,4jsz_Kdist0.500_Kmono1.000,1000,1000,1000,943,1.0,0.943,0.943,212552.0,0.0003416890993146699,True
4jsz,50.0,2,0.75,atsweep_4jsz_at50_cs0p75_r2_20260407_182901,4jsz_Kdist0.500_Kmono1.000,1000,1000,1000,960,1.0,0.96,0.96,242552.0,0.0003470134605138177,True
4jsz,100.0,2,0.75,atsweep_4jsz_at100_cs0p75_r2_20260407_182901,4jsz_Kdist0.500_Kmono1.000,1000,1000,1000,960,1.0,0.96,0.96,292552.0,0.00041854728841748734,True
4jsz,200.0,2,0.75,atsweep_4jsz_at200_cs0p75_r2_20260407_182901,4jsz_Kdist0.500_Kmono1.000,1000,1000,1000,975,1.0,0.975,0.975,392552.0,0.0004900590516271617,True
4jsz,500.0,2,0.75,atsweep_4jsz_at500_cs0p75_r2_20260407_182901,4jsz_Kdist0.500_Kmono1.000,1000,1000,1000,981,1.0,0.981,0.981,692552.0,0.000804709889744287,True
4jsz,0.5,3,0.75,atsweep_4jsz_at0p5_cs0p75_r3_20260407_182901,4jsz_Kdist0.500_Kmono1.000,1000,1000,1000,885,1.0,0.885,0.885,193052.0,0.00041105409588896663,True
4jsz,1.0,3,0.75,atsweep_4jsz_at1_cs0p75_r3_20260407_182901,4jsz_Kdist0.500_Kmono1.000,1000,1000,1000,891,1.0,0.891,0.891,193552.0,0.0004021552631272426,True
4jsz,2.0,3,0.75,atsweep_4jsz_at2_cs0p75_r3_20260407_182901,4jsz_Kdist0.500_Kmono1.000,1000,1000,1000,859,1.0,0.859,0.859,194552.0,0.00045734924912856935,True
4jsz,5.0,3,0.75,atsweep_4jsz_at5_cs0p75_r3_20260407_182901,4jsz_Kdist0.500_Kmono1.000,1000,1000,1000,888,1.0,0.888,0.888,197552.0,0.0004155568883516411,True
4jsz,10.0,3,0.75,atsweep_4jsz_at10_cs0p75_r3_20260407_182901,4jsz_Kdist0.500_Kmono1.000,1000,1000,1000,923,1.0,0.923,0.923,202552.0,0.0003638083751594707,True
4jsz,20.0,3,0.75,atsweep_4jsz_at20_cs0p75_r3_20260407_182901,4jsz_Kdist0.500_Kmono1.000,1000,1000,1000,929,1.0,0.929,0.929,212552.0,0.0003700605784825336,True
4jsz,50.0,3,0.75,atsweep_4jsz_at50_cs0p75_r3_20260407_182901,4jsz_Kdist0.500_Kmono1.000,1000,1000,1000,976,1.0,0.976,0.976,242552.0,0.00029948596538761143,True
4jsz,100.0,3,0.75,atsweep_4jsz_at100_cs0p75_r3_20260407_182901,4jsz_Kdist0.500_Kmono1.000,1000,1000,1000,961,1.0,0.961,0.961,292552.0,0.0004152809297842692,True
4jsz,200.0,3,0.75,atsweep_4jsz_at200_cs0p75_r3_20260407_182901,4jsz_Kdist0.500_Kmono1.000,1000,1000,1000,975,1.0,0.975,0.975,392552.0,0.0004900590516271617,True
4jsz,500.0,3,0.75,atsweep_4jsz_at500_cs0p75_r3_20260407_182901,4jsz_Kdist0.500_Kmono1.000,1000,1000,1000,978,1.0,0.978,0.978,692552.0,0.0008356195418305142,True
4jsz,0.5,4,0.75,atsweep_4jsz_at0p5_cs0p75_r4_20260407_182901,4jsz_Kdist0.500_Kmono1.000,1000,1000,1000,898,1.0,0.898,0.898,193052.0,0.0003894533658394764,True
4jsz,1.0,4,0.75,atsweep_4jsz_at1_cs0p75_r4_20260407_182901,4jsz_Kdist0.500_Kmono1.000,1000,1000,1000,909,1.0,0.909,0.909,193552.0,0.00037187261543775597,True
4jsz,2.0,4,0.75,atsweep_4jsz_at2_cs0p75_r4_20260407_182901,4jsz_Kdist0.500_Kmono1.000,1000,1000,1000,898,1.0,0.898,0.898,194552.0,0.00039247939016846134,True
4jsz,5.0,4,0.75,atsweep_4jsz_at5_cs0p75_r4_20260407_182901,4jsz_Kdist0.500_Kmono1.000,1000,1000,1000,894,1.0,0.894,0.894,197552.0,0.00040536203709415743,True
4jsz,10.0,4,0.75,atsweep_4jsz_at10_cs0p75_r4_20260407_182901,4jsz_Kdist0.500_Kmono1.000,1000,1000,1000,917,1.0,0.917,0.917,202552.0,0.00037477638036821387,True
4jsz,20.0,4,0.75,atsweep_4jsz_at20_cs0p75_r4_20260407_182901,4jsz_Kdist0.500_Kmono1.000,1000,1000,1000,954,1.0,0.954,0.954,212552.0,0.0003178960476056224,True
4jsz,50.0,4,0.75,atsweep_4jsz_at50_cs0p75_r4_20260407_182901,4jsz_Kdist0.500_Kmono1.000,1000,1000,1000,981,1.0,0.981,0.981,242552.0,0.00028183297886260716,True
4jsz,100.0,4,0.75,atsweep_4jsz_at100_cs0p75_r4_20260407_182901,4jsz_Kdist0.500_Kmono1.000,1000,1000,1000,974,1.0,0.974,0.974,292552.0,0.0003691445814181979,True
4jsz,200.0,4,0.75,atsweep_4jsz_at200_cs0p75_r4_20260407_182901,4jsz_Kdist0.500_Kmono1.000,1000,1000,1000,977,1.0,0.977,0.977,392552.0,0.00047922684475790867,True
4jsz,500.0,4,0.75,atsweep_4jsz_at500_cs0p75_r4_20260407_182901,4jsz_Kdist0.500_Kmono1.000,1000,1000,1000,989,1.0,0.989,0.989,692552.0,0.0007071882094507009,True
4jsz,0.5,5,0.75,atsweep_4jsz_at0p5_cs0p75_r5_20260407_182901,4jsz_Kdist0.500_Kmono1.000,1000,1000,1000,901,1.0,0.901,0.901,193052.0,0.0003844260550779531,True
4jsz,1.0,5,0.75,atsweep_4jsz_at1_cs0p75_r5_20260407_182901,4jsz_Kdist0.500_Kmono1.000,1000,1000,1000,906,1.0,0.906,0.906,193552.0,0.0003769739021133179,True
4jsz,2.0,5,0.75,atsweep_4jsz_at2_cs0p75_r5_20260407_182901,4jsz_Kdist0.500_Kmono1.000,1000,1000,1000,875,1.0,0.875,0.875,194552.0,0.00043085850314435073,True
4jsz,5.0,5,0.75,atsweep_4jsz_at5_cs0p75_r5_20260407_182901,4jsz_Kdist0.500_Kmono1.000,1000,1000,1000,867,1.0,0.867,0.867,197552.0,0.00045095558980001136,True
4jsz,10.0,5,0.75,atsweep_4jsz_at10_cs0p75_r5_20260407_182901,4jsz_Kdist0.500_Kmono1.000,1000,1000,1000,929,1.0,0.929,0.929,202552.0,0.0003526502234408245,True
4jsz,20.0,5,0.75,atsweep_4jsz_at20_cs0p75_r5_20260407_182901,4jsz_Kdist0.500_Kmono1.000,1000,1000,1000,929,1.0,0.929,0.929,212552.0,0.0003700605784825336,True
4jsz,50.0,5,0.75,atsweep_4jsz_at50_cs0p75_r5_20260407_182901,4jsz_Kdist0.500_Kmono1.000,1000,1000,1000,955,1.0,0.955,0.955,242552.0,0.0003601934269227984,True
4jsz,100.0,5,0.75,atsweep_4jsz_at100_cs0p75_r5_20260407_182901,4jsz_Kdist0.500_Kmono1.000,1000,1000,1000,970,1.0,0.97,0.97,292552.0,0.000384209183963817,True
4jsz,200.0,5,0.75,atsweep_4jsz_at200_cs0p75_r5_20260407_182901,4jsz_Kdist0.500_Kmono1.000,1000,1000,1000,976,1.0,0.976,0.976,392552.0,0.0004846953011512485,True
4jsz,500.0,5,0.75,atsweep_4jsz_at500_cs0p75_r5_20260407_182901,4jsz_Kdist0.500_Kmono1.000,1000,1000,1000,979,1.0,0.979,0.979,692552.0,0.0008255572350144145,True
4jsz,0.5,6,0.75,atsweep_4jsz_at0p5_cs0p75_r6_20260407_182901,4jsz_Kdist0.500_Kmono1.000,1000,1000,1000,914,1.0,0.914,0.914,193052.0,0.0003623683141996644,True
4jsz,1.0,6,0.75,atsweep_4jsz_at1_cs0p75_r6_20260407_182901,4jsz_Kdist0.500_Kmono1.000,1000,1000,1000,910,1.0,0.91,0.91,193552.0,0.0003701661269406322,True
4jsz,2.0,6,0.75,atsweep_4jsz_at2_cs0p75_r6_20260407_182901,4jsz_Kdist0.500_Kmono1.000,1000,1000,1000,894,1.0,0.894,0.894,194552.0,0.00039920625982395785,True
4jsz,5.0,6,0.75,atsweep_4jsz_at5_cs0p75_r6_20260407_182901,4jsz_Kdist0.500_Kmono1.000,1000,1000,1000,870,1.0,0.87,0.87,197552.0,0.00044591279917446355,True
4jsz,10.0,6,0.75,atsweep_4jsz_at10_cs0p75_r6_20260407_182901,4jsz_Kdist0.500_Kmono1.000,1000,1000,1000,918,1.0,0.918,0.918,202552.0,0.00037296001324361474,True
4jsz,20.0,6,0.75,atsweep_4jsz_at20_cs0p75_r6_20260407_182901,4jsz_Kdist0.500_Kmono1.000,1000,1000,1000,943,1.0,0.943,0.943,212552.0,0.0003416890993146699,True
4jsz,50.0,6,0.75,atsweep_4jsz_at50_cs0p75_r6_20260407_182901,4jsz_Kdist0.500_Kmono1.000,1000,1000,1000,945,1.0,0.945,0.945,242552.0,0.00038511402921625614,True
4jsz,100.0,6,0.75,atsweep_4jsz_at100_cs0p75_r6_20260407_182901,4jsz_Kdist0.500_Kmono1.000,1000,1000,1000,962,1.0,0.962,0.962,292552.0,0.000411982285661668,True
4jsz,200.0,6,0.75,atsweep_4jsz_at200_cs0p75_r6_20260407_182901,4jsz_Kdist0.500_Kmono1.000,1000,1000,1000,980,1.0,0.98,0.98,392552.0,0.00046210586296185354,True
4jsz,500.0,6,0.75,atsweep_4jsz_at500_cs0p75_r6_20260407_182901,4jsz_Kdist0.500_Kmono1.000,1000,1000,1000,975,1.0,0.975,0.975,692552.0,0.0008645768619762325,True
4jsz,0.5,7,0.75,atsweep_4jsz_at0p5_cs0p75_r7_20260407_182901,4jsz_Kdist0.500_Kmono1.000,1000,1000,1000,888,1.0,0.888,0.888,193052.0,0.0004060909958393791,True
4jsz,1.0,7,0.75,atsweep_4jsz_at1_cs0p75_r7_20260407_182901,4jsz_Kdist0.500_Kmono1.000,1000,1000,1000,896,1.0,0.896,0.896,193552.0,0.000393811932262129,True
4jsz,2.0,7,0.75,atsweep_4jsz_at2_cs0p75_r7_20260407_182901,4jsz_Kdist0.500_Kmono1.000,1000,1000,1000,862,1.0,0.862,0.862,194552.0,0.000452382907854177,True
4jsz,5.0,7,0.75,atsweep_4jsz_at5_cs0p75_r7_20260407_182901,4jsz_Kdist0.500_Kmono1.000,1000,1000,1000,888,1.0,0.888,0.888,197552.0,0.0004155568883516411,True
4jsz,10.0,7,0.75,atsweep_4jsz_at10_cs0p75_r7_20260407_182901,4jsz_Kdist0.500_Kmono1.000,1000,1000,1000,920,1.0,0.92,0.92,202552.0,0.0003693137952940033,True
4jsz,20.0,7,0.75,atsweep_4jsz_at20_cs0p75_r7_20260407_182901,4jsz_Kdist0.500_Kmono1.000,1000,1000,1000,951,1.0,0.951,0.951,212552.0,0.000324555449497551,True
4jsz,50.0,7,0.75,atsweep_4jsz_at50_cs0p75_r7_20260407_182901,4jsz_Kdist0.500_Kmono1.000,1000,1000,1000,953,1.0,0.953,0.953,242552.0,0.0003653160761122687,True
4jsz,100.0,7,0.75,atsweep_4jsz_at100_cs0p75_r7_20260407_182901,4jsz_Kdist0.500_Kmono1.000,1000,1000,1000,983,1.0,0.983,0.983,292552.0,0.0003306510939801341,True
4jsz,200.0,7,0.75,atsweep_4jsz_at200_cs0p75_r7_20260407_182901,4jsz_Kdist0.500_Kmono1.000,1000,1000,1000,972,1.0,0.972,0.972,392552.0,0.0005055916930675276,True
4jsz,500.0,7,0.75,atsweep_4jsz_at500_cs0p75_r7_20260407_182901,4jsz_Kdist0.500_Kmono1.000,1000,1000,1000,981,1.0,0.981,0.981,692552.0,0.000804709889744287,True
4jsz,0.5,8,0.75,atsweep_4jsz_at0p5_cs0p75_r8_20260407_182901,4jsz_Kdist0.500_Kmono1.000,1000,1000,1000,915,1.0,0.915,0.915,193052.0,0.0003606490057351414,True
4jsz,1.0,8,0.75,atsweep_4jsz_at1_cs0p75_r8_20260407_182901,4jsz_Kdist0.500_Kmono1.000,1000,1000,1000,907,1.0,0.907,0.907,193552.0,0.00037527639456597046,True
4jsz,2.0,8,0.75,atsweep_4jsz_at2_cs0p75_r8_20260407_182901,4jsz_Kdist0.500_Kmono1.000,1000,1000,1000,891,1.0,0.891,0.891,194552.0,0.0004042330265351498,True
4jsz,5.0,8,0.75,atsweep_4jsz_at5_cs0p75_r8_20260407_182901,4jsz_Kdist0.500_Kmono1.000,1000,1000,1000,934,1.0,0.934,0.934,197552.0,0.0003347045365736383,True
4jsz,10.0,8,0.75,atsweep_4jsz_at10_cs0p75_r8_20260407_182901,4jsz_Kdist0.500_Kmono1.000,1000,1000,1000,909,1.0,0.909,0.909,202552.0,0.0003891643692762067,True
4jsz,20.0,8,0.75,atsweep_4jsz_at20_cs0p75_r8_20260407_182901,4jsz_Kdist0.500_Kmono1.000,1000,1000,1000,930,1.0,0.93,0.93,212552.0,0.00036808665560256524,True
4jsz,50.0,8,0.75,atsweep_4jsz_at50_cs0p75_r8_20260407_182901,4jsz_Kdist0.500_Kmono1.000,1000,1000,1000,944,1.0,0.944,0.944,242552.0,0.0003875214572679302,True
4jsz,100.0,8,0.75,atsweep_4jsz_at100_cs0p75_r8_20260407_182901,4jsz_Kdist0.500_Kmono1.000,1000,1000,1000,960,1.0,0.96,0.96,292552.0,0.00041854728841748734,True
4jsz,200.0,8,0.75,atsweep_4jsz_at200_cs0p75_r8_20260407_182901,4jsz_Kdist0.500_Kmono1.000,1000,1000,1000,974,1.0,0.974,0.974,392552.0,0.0004953254249667629,True
4jsz,500.0,8,0.75,atsweep_4jsz_at500_cs0p75_r8_20260407_182901,4jsz_Kdist0.500_Kmono1.000,1000,1000,1000,986,1.0,0.986,0.986,692552.0,0.0007471411330753575,True
4jsz,0.5,9,0.75,atsweep_4jsz_at0p5_cs0p75_r9_20260407_182901,4jsz_Kdist0.500_Kmono1.000,1000,1000,1000,892,1.0,0.892,0.892,193052.0,0.0003994552961463631,True
4jsz,1.0,9,0.75,atsweep_4jsz_at1_cs0p75_r9_20260407_182901,4jsz_Kdist0.500_Kmono1.000,1000,1000,1000,871,1.0,0.871,0.871,193552.0,0.00043523670063480384,True
4jsz,2.0,9,0.75,atsweep_4jsz_at2_cs0p75_r9_20260407_182901,4jsz_Kdist0.500_Kmono1.000,1000,1000,1000,874,1.0,0.874,0.874,194552.0,0.0004325158518190668,True
4jsz,5.0,9,0.75,atsweep_4jsz_at5_cs0p75_r9_20260407_182901,4jsz_Kdist0.500_Kmono1.000,1000,1000,1000,903,1.0,0.903,0.903,197552.0,0.0003899456947283988,True
4jsz,10.0,9,0.75,atsweep_4jsz_at10_cs0p75_r9_20260407_182901,4jsz_Kdist0.500_Kmono1.000,1000,1000,1000,907,1.0,0.907,0.907,202552.0,0.000392726421179458,True
4jsz,20.0,9,0.75,atsweep_4jsz_at20_cs0p75_r9_20260407_182901,4jsz_Kdist0.500_Kmono1.000,1000,1000,1000,935,1.0,0.935,0.935,212552.0,0.0003581069691743671,True
4jsz,50.0,9,0.75,atsweep_4jsz_at50_cs0p75_r9_20260407_182901,4jsz_Kdist0.500_Kmono1.000,1000,1000,1000,959,1.0,0.959,0.959,242552.0,0.00034969604581799673,True
4jsz,100.0,9,0.75,atsweep_4jsz_at100_cs0p75_r9_20260407_182901,4jsz_Kdist0.500_Kmono1.000,1000,1000,1000,948,1.0,0.948,0.948,292552.0,0.000455689660171188,True
4jsz,200.0,9,0.75,atsweep_4jsz_at200_cs0p75_r9_20260407_182901,4jsz_Kdist0.500_Kmono1.000,1000,1000,1000,974,1.0,0.974,0.974,392552.0,0.0004953254249667629,True
4jsz,500.0,9,0.75,atsweep_4jsz_at500_cs0p75_r9_20260407_182901,4jsz_Kdist0.500_Kmono1.000,1000,1000,1000,970,1.0,0.97,0.97,692552.0,0.0009095300622539219,True
4jsz,0.5,10,0.75,atsweep_4jsz_at0p5_cs0p75_r10_20260407_182901,4jsz_Kdist0.500_Kmono1.000,1000,1000,1000,891,1.0,0.891,0.891,193052.0,0.0004011163814232891,True
4jsz,1.0,10,0.75,atsweep_4jsz_at1_cs0p75_r10_20260407_182901,4jsz_Kdist0.500_Kmono1.000,1000,1000,1000,872,1.0,0.872,0.872,193552.0,0.00043358907115855616,True
4jsz,2.0,10,0.75,atsweep_4jsz_at2_cs0p75_r10_20260407_182901,4jsz_Kdist0.500_Kmono1.000,1000,1000,1000,865,1.0,0.865,0.865,194552.0,0.00044741762518091466,True
4jsz,5.0,10,0.75,atsweep_4jsz_at5_cs0p75_r10_20260407_182901,4jsz_Kdist0.500_Kmono1.000,1000,1000,1000,869,1.0,0.869,0.869,197552.0,0.00044759391878336616,True
4jsz,10.0,10,0.75,atsweep_4jsz_at10_cs0p75_r10_20260407_182901,4jsz_Kdist0.500_Kmono1.000,1000,1000,1000,901,1.0,0.901,0.901,202552.0,0.00040334348418120274,True
4jsz,20.0,10,0.75,atsweep_4jsz_at20_cs0p75_r10_20260407_182901,4jsz_Kdist0.500_Kmono1.000,1000,1000,1000,915,1.0,0.915,0.915,212552.0,0.00039707782083073874,True
4jsz,50.0,10,0.75,atsweep_4jsz_at50_cs0p75_r10_20260407_182901,4jsz_Kdist0.500_Kmono1.000,1000,1000,1000,957,1.0,0.957,0.957,242552.0,0.0003549892441054093,True
4jsz,100.0,10,0.75,atsweep_4jsz_at100_cs0p75_r10_20260407_182901,4jsz_Kdist0.500_Kmono1.000,1000,1000,1000,971,1.0,0.971,0.971,292552.0,0.0003805302017040101,True
4jsz,200.0,10,0.75,atsweep_4jsz_at200_cs0p75_r10_20260407_182901,4jsz_Kdist0.500_Kmono1.000,1000,1000,1000,977,1.0,0.977,0.977,392552.0,0.00047922684475790867,True
4jsz,500.0,10,0.75,atsweep_4jsz_at500_cs0p75_r10_20260407_182901,4jsz_Kdist0.500_Kmono1.000,1000,1000,1000,985,1.0,0.985,0.985,692552.0,0.000759415188329472,True
4jsz,800.0,1,0.75,atsweep_4jsz_at800_cs0p75_r1_20260407_205920,4jsz_Kdist0.500_Kmono1.000,1000,1000,1000,988,1.0,0.988,0.988,992550.0,0.0010334655447919573,True
4jsz,800.0,2,0.75,atsweep_4jsz_at800_cs0p75_r2_20260407_205920,4jsz_Kdist0.500_Kmono1.000,1000,1000,1000,984,1.0,0.984,0.984,992550.0,0.001105363376633458,True
4jsz,800.0,3,0.75,atsweep_4jsz_at800_cs0p75_r3_20260407_205920,4jsz_Kdist0.500_Kmono1.000,1000,1000,1000,987,1.0,0.987,0.987,992550.0,0.0010525134557479898,True
4jsz,800.0,4,0.75,atsweep_4jsz_at800_cs0p75_r4_20260407_205920,4jsz_Kdist0.500_Kmono1.000,1000,1000,1000,991,1.0,0.991,0.991,992550.0,0.0009703496182511589,True
4jsz,800.0,5,0.75,atsweep_4jsz_at800_cs0p75_r5_20260407_205920,4jsz_Kdist0.500_Kmono1.000,1000,1000,1000,974,1.0,0.974,0.974,992550.0,0.001252407962641282,True
4jsz,800.0,6,0.75,atsweep_4jsz_at800_cs0p75_r6_20260407_205920,4jsz_Kdist0.500_Kmono1.000,1000,1000,1000,987,1.0,0.987,0.987,992550.0,0.0010525134557479898,True
4jsz,800.0,7,0.75,atsweep_4jsz_at800_cs0p75_r7_20260407_205920,4jsz_Kdist0.500_Kmono1.000,1000,1000,1000,981,1.0,0.981,0.981,992550.0,0.0011532921731013585,True
4jsz,800.0,8,0.75,atsweep_4jsz_at800_cs0p75_r8_20260407_205920,4jsz_Kdist0.500_Kmono1.000,1000,1000,1000,983,1.0,0.983,0.983,992550.0,0.0011218099460266282,True
4jsz,800.0,9,0.75,atsweep_4jsz_at800_cs0p75_r9_20260407_205920,4jsz_Kdist0.500_Kmono1.000,1000,1000,1000,980,1.0,0.98,0.98,992550.0,0.001168413800675548,True
4jsz,800.0,10,0.75,atsweep_4jsz_at800_cs0p75_r10_20260407_205920,4jsz_Kdist0.500_Kmono1.000,1000,1000,1000,986,1.0,0.986,0.986,992550.0,0.0010707859216837813,True
